{"author_cell_type":{"0":"b_age","1":"b_gc","2":"b_memory","3":"b_naive","4":"cd3_gd","5":"cd4_cm","6":"cd4_naive","7":"cd4_tem","8":"cd4_temra","9":"cd4_treg","10":"cd4_trm","11":"cd8_cm","12":"cd8_mait","13":"cd8_naive","14":"cd8_tem","15":"cd8_temra","16":"cd8_trm","17":"dc1","18":"dc2","19":"ilc1","20":"ilc3","21":"macrophage","22":"mast_cell","23":"monocyte_classical","24":"monocyte_nonclassical","25":"nk_cd56br","26":"nk_cd56dim","27":"nk_ilc_precursor","28":"pdc","29":"plasma_cell","30":"plasmablast","31":"progenitor"},"mean_silhouette":{"0":0.7433445454,"1":-0.0077709188,"2":0.1105220318,"3":0.4511299431,"4":-0.1160726622,"5":0.037212722,"6":0.5192613602,"7":-0.4075981677,"8":0.5071256757,"9":-0.0325250104,"10":-0.2273393124,"11":-0.512873292,"12":0.7305461764,"13":0.4241628945,"14":-0.1864340901,"15":0.0243512914,"16":0.1683605015,"17":0.7332034707,"18":-0.27329427,"19":-0.3717373013,"20":0.2388225645,"21":0.1250321269,"22":-0.1895070374,"23":0.1834148914,"24":0.2867938578,"25":0.1825295985,"26":0.2275670469,"27":-0.06026382,"28":0.8930274844,"29":0.5578927994,"30":0.6316723824,"31":0.153564021},"std_silhouette":{"0":0.1893829107,"1":0.3617036343,"2":0.2844228148,"3":0.3151597381,"4":0.2396900058,"5":0.3382873535,"6":0.2320288271,"7":0.3128325641,"8":0.2881121039,"9":0.3441270292,"10":0.3685230613,"11":0.1664609462,"12":0.3234122992,"13":0.4705483913,"14":0.1256782413,"15":0.2060659826,"16":0.2578367889,"17":0.1115355715,"18":0.2874971032,"19":0.1760294586,"20":0.4772676826,"21":0.2070530057,"22":0.5040779114,"23":0.404274106,"24":0.2604104877,"25":0.3729546964,"26":0.186359629,"27":0.1910208911,"28":0.1503445804,"29":0.2277558595,"30":0.2477579713,"31":0.301933378},"median_silhouette":{"0":0.8045178652,"1":0.177853629,"2":0.1960649341,"3":0.5611971617,"4":-0.0604948923,"5":0.1603182852,"6":0.613535285,"7":-0.299043417,"8":0.6209139824,"9":0.067346096,"10":-0.2332680225,"11":-0.5355309248,"12":0.8235121369,"13":0.6189832687,"14":-0.1784156263,"15":0.0852591395,"16":0.2509590387,"17":0.7808637619,"18":-0.2732480764,"19":-0.3212808967,"20":0.4799227417,"21":0.1849693656,"22":0.1513878703,"23":0.3536119163,"24":0.4119244814,"25":0.4113326669,"26":0.2777328491,"27":-0.0433208086,"28":0.9313242435,"29":0.6511625051,"30":0.7409278154,"31":0.1659803092},"count":{"0":125,"1":21,"2":4428,"3":8376,"4":3013,"5":6869,"6":7346,"7":3984,"8":4854,"9":1077,"10":409,"11":701,"12":1071,"13":3266,"14":8873,"15":11986,"16":1384,"17":55,"18":272,"19":30,"20":92,"21":2740,"22":75,"23":14701,"24":3313,"25":2769,"26":32766,"27":3393,"28":402,"29":1084,"30":1099,"31":12033}}