{"CellType":{"0":"Best4+ Enterocytes","1":"CD4+ Activated Fos-hi","2":"CD4+ Activated Fos-lo","3":"CD4+ Memory","4":"CD4+ PD1+","5":"CD8+ IELs","6":"CD8+ IL17+","7":"CD8+ LP","8":"CD69+ Mast","9":"CD69- Mast","10":"Cycling B","11":"Cycling T","12":"Cycling TA","13":"DC2","14":"Enterocyte Progenitors","15":"Enterocytes","16":"Enteroendocrine","17":"Follicular","18":"GC","19":"Goblet","20":"Immature Enterocytes 1","21":"Immature Enterocytes 2","22":"Immature Goblet","23":"M cells","24":"MT-hi","25":"Macrophages","26":"NKs","27":"Plasma","28":"Secretory TA","29":"Stem","30":"TA 1","31":"TA 2","32":"Tregs","33":"Tuft"},"mean_silhouette":{"0":0.2457849234,"1":-0.7509040236,"2":-0.6391942501,"3":-0.45865646,"4":-0.6975172162,"5":-0.2576761246,"6":-0.3775202036,"7":-0.3239205182,"8":-0.823988378,"9":0.8748500347,"10":0.4440183938,"11":-0.2895531356,"12":-0.0863587335,"13":0.593390584,"14":0.2247243673,"15":0.295083493,"16":-0.1621525586,"17":0.4048235714,"18":-0.2416975498,"19":0.3535491526,"20":0.0776007548,"21":0.1200070903,"22":0.3954256773,"23":-0.4980115592,"24":0.2885916531,"25":-0.6739346385,"26":0.4690641165,"27":0.8385115862,"28":0.2072143555,"29":0.4331330955,"30":-0.1597994864,"31":0.10270904,"32":-0.8032490611,"33":-0.246273309},"std_silhouette":{"0":0.4255054593,"1":0.1112033427,"2":0.1538230032,"3":0.220151484,"4":0.1436507702,"5":0.2103669047,"6":0.2285290211,"7":0.2792290151,"8":0.1229985356,"9":0.0311909523,"10":0.4013376236,"11":0.2396612465,"12":0.3080110252,"13":0.2601782084,"14":0.2645584643,"15":0.2465303689,"16":0.3715845942,"17":0.2126936615,"18":0.2025079429,"19":0.3246632814,"20":0.2993549109,"21":0.2822136581,"22":0.2512774169,"23":0.0873786956,"24":0.1739272773,"25":0.0968077853,"26":0.2446001321,"27":0.3251004219,"28":0.3048477471,"29":0.2304944247,"30":0.3153566718,"31":0.3020638227,"32":0.0915616527,"33":0.1837262809},"median_silhouette":{"0":0.4352507293,"1":-0.7108393908,"2":-0.6038107872,"3":-0.4264289141,"4":-0.6505236626,"5":-0.2636322677,"6":-0.3577163815,"7":-0.2715967,"8":-0.8642982244,"9":0.8856297135,"10":0.6143631935,"11":-0.2276691645,"12":-0.0428784192,"13":0.6839250922,"14":0.2978755534,"15":0.3934078217,"16":0.1123285219,"17":0.4822270274,"18":-0.1980417669,"19":0.4682717621,"20":0.1449563205,"21":0.1765516996,"22":0.4931055009,"23":-0.4798924327,"24":0.3451407254,"25":-0.7006596327,"26":0.5484205484,"27":0.9062671661,"28":0.3014724851,"29":0.5180937052,"30":-0.131513238,"31":0.1785364598,"32":-0.8028405309,"33":-0.1764938831},"count":{"0":1097,"1":28,"2":25,"3":79,"4":8,"5":1063,"6":10,"7":55,"8":14,"9":48,"10":29,"11":19,"12":5343,"13":7,"14":2533,"15":1839,"16":117,"17":171,"18":35,"19":777,"20":3230,"21":3760,"22":2252,"23":15,"24":14,"25":38,"26":25,"27":80,"28":1834,"29":694,"30":4881,"31":4413,"32":6,"33":228}}