{"cellular_classification":{"0":"acinar","1":"alpha","2":"beta","3":"delta","4":"duct","5":"endothelial","6":"mesenchymal","7":"pp","8":"unclear"},"mean_silhouette":{"0":0.6983674169,"1":0.475456655,"2":0.5352816582,"3":0.7055748701,"4":0.4084527493,"5":0.74710536,"6":0.8772334456,"7":0.828158915,"8":-0.6347409487},"std_silhouette":{"0":0.0659778863,"1":0.1724182218,"2":0.2258443683,"3":0.0962851271,"4":0.2627860606,"5":0.3788363934,"6":0.0310484748,"7":0.1453219652,"8":0.1337558031},"median_silhouette":{"0":0.7087746859,"1":0.527933836,"2":0.6039322019,"3":0.7341412306,"4":0.4968146086,"5":0.8325273991,"6":0.8863896728,"7":0.8447633982,"8":-0.6014208794},"count":{"0":219,"1":812,"2":448,"3":193,"4":246,"5":21,"6":78,"7":98,"8":8}}