{"GSVA_anno_labels_lowcluster":{"0":"AT2","1":"AT1","2":"Macrophages","3":"Capillary","4":"Artery","5":"T Cells","6":"Monocytes","7":"Macrophage and Dendritic Cells","8":"Vein","9":"Stromal Cells","10":"Natural Killer Cells","11":"Neutrophils","12":"Ciliated Cells","13":"Lymphatic  Cells","14":"Basophil and Mast Cells","15":"Other Epithelial Cells","16":"Proliferating Macrophage","17":"B Cells"},"mean_silhouette":{"0":0.4203324904,"1":0.5626378182,"2":0.2105995712,"3":0.3071778785,"4":0.1910111565,"5":0.247366614,"6":0.3683874298,"7":0.4046960172,"8":0.4676891291,"9":0.4585341173,"10":0.7117768963,"11":0.7362250013,"12":0.6870216159,"13":0.7060972648,"14":0.8545949035,"15":0.6947056516,"16":-0.6313511976,"17":0.5940495944},"std_silhouette":{"0":0.2328236038,"1":0.1508522887,"2":0.2582381925,"3":0.2330921768,"4":0.2909138669,"5":0.3051606153,"6":0.3102167952,"7":0.2357090174,"8":0.2560339691,"9":0.3483114191,"10":0.1928109922,"11":0.1434463415,"12":0.0860656884,"13":0.1348383471,"14":0.0818028476,"15":0.3447630838,"16":0.1819289221,"17":0.3088780713},"median_silhouette":{"0":0.5015089803,"1":0.6074477183,"2":0.3265036236,"3":0.3696690108,"4":0.2736790774,"5":0.3679099921,"6":0.4729390903,"7":0.4724176826,"8":0.563543523,"9":0.6458544844,"10":0.7557681034,"11":0.7803704252,"12":0.7006512719,"13":0.7336423851,"14":0.8726217406,"15":0.7815892827,"16":-0.7600282091,"17":0.6922607217},"count":{"0":39466,"1":15141,"2":9722,"3":6989,"4":5382,"5":4889,"6":4596,"7":4153,"8":3357,"9":2920,"10":2495,"11":2301,"12":2299,"13":2014,"14":1602,"15":505,"16":492,"17":290}}