{"Curated_annotation":{"0":"B cells","1":"C-TAL","2":"CCD-IC-A","3":"CNT","4":"Classical monocytes","5":"DC","6":"DC2","7":"DCT","8":"DTL","9":"EC-AEA","10":"EC-AVR","11":"EC-DVR","12":"EC-GC","13":"EC-LYM","14":"EC-PTC","15":"FIB\/aFIB","16":"IC-A","17":"IC-B","18":"IMCD","19":"M-FIB","20":"M-TAL","21":"Myeloid","22":"NK cells","23":"Non-classical monocytes","24":"PC","25":"PEC","26":"PT","27":"PT-S1\/2","28":"PT-S3","29":"Podocytes","30":"T cells","31":"T\/NK","32":"VSMC","33":"VSMC\/P","34":"aPT","35":"aTAL","36":"dATL","37":"dC-IC-A","38":"dM-FIB","39":"dPT","40":"dVSMC"},"mean_silhouette":{"0":0.7525327802,"1":-0.3240842223,"2":-0.0156710632,"3":-0.1865862012,"4":-0.0298675448,"5":-0.0605447292,"6":0.0422850586,"7":0.1312580258,"8":-0.2579027712,"9":-0.0206511095,"10":0.2133682221,"11":-0.3154630959,"12":0.0550522879,"13":-0.0351965837,"14":-0.1954175532,"15":0.2656831145,"16":0.6445612311,"17":-0.3074731529,"18":0.5626240373,"19":0.1745966077,"20":-0.3147867918,"21":0.3239266872,"22":0.5479519963,"23":0.1357037276,"24":-0.1849759072,"25":0.6721326709,"26":0.3841186762,"27":0.112915054,"28":0.2543918788,"29":0.4852353334,"30":0.3689782619,"31":0.2637085915,"32":0.7478615642,"33":-0.6953786612,"34":-0.5169019699,"35":-0.2762128413,"36":0.047992669,"37":0.1958287954,"38":0.7570171952,"39":-0.2508382499,"40":0.7328498363},"std_silhouette":{"0":0.1609676778,"1":0.1994537264,"2":0.1998551488,"3":0.1591810435,"4":0.2103381157,"5":0.1411303729,"6":0.1582044959,"7":0.385975033,"8":0.1704968512,"9":0.3264552653,"10":0.3545973599,"11":0.0685253218,"12":0.303481698,"13":0.2133345455,"14":0.1279800832,"15":0.1706365645,"16":0.1561425328,"17":0.1413834542,"18":0.1061914638,"19":0.3094320297,"20":0.2442342192,"21":0.1467764676,"22":0.3005164862,"23":0.2233823985,"24":0.1290284842,"25":0.194785282,"26":0.2057330012,"27":0.2110700011,"28":0.2102947086,"29":0.2704513669,"30":0.3174866736,"31":0.2286757082,"32":0.1130163595,"33":0.0847647786,"34":0.1413724571,"35":0.2839078307,"36":0.3259662986,"37":0.1858643144,"38":0.1849531531,"39":0.2397956401,"40":0.2282825708},"median_silhouette":{"0":0.816313386,"1":-0.3205707371,"2":-0.0185313635,"3":-0.1738340557,"4":-0.0398429036,"5":-0.0349512026,"6":0.0761465281,"7":0.3602283001,"8":-0.2124977261,"9":0.1533282995,"10":0.4355419278,"11":-0.3247628212,"12":0.1917957813,"13":0.0675642341,"14":-0.1573374569,"15":0.3080515862,"16":0.7029885054,"17":-0.3313866556,"18":0.5853206515,"19":0.3172121942,"20":-0.3828543723,"21":0.3643157184,"22":0.6760078073,"23":0.2174187005,"24":-0.2101114094,"25":0.7133592367,"26":0.4383350611,"27":0.1747363955,"28":0.3428480029,"29":0.631750524,"30":0.4985542297,"31":0.3366290927,"32":0.7855362296,"33":-0.7106979489,"34":-0.5500063896,"35":-0.2167528719,"36":0.2316499501,"37":0.2712479234,"38":0.8020244241,"39":-0.2282398939,"40":0.7820920348},"count":{"0":1392,"1":18324,"2":3332,"3":8110,"4":534,"5":1828,"6":393,"7":9757,"8":6432,"9":1121,"10":2698,"11":3000,"12":3631,"13":246,"14":8242,"15":2419,"16":5029,"17":2395,"18":6351,"19":5204,"20":7381,"21":1958,"22":2014,"23":1093,"24":12262,"25":1050,"26":19500,"27":9173,"28":2028,"29":1984,"30":6663,"31":2474,"32":546,"33":3361,"34":10968,"35":6110,"36":3750,"37":1784,"38":698,"39":7996,"40":1273}}