{"author_cell_type":{"0":"B cell (Plasmocyte)","1":"Endothelial cell","2":"Endothelial cell (APC)","3":"Endothelial cell (endothelial to mesenchymal transition)","4":"Enterocyte progenitor","5":"Fetal endocrine cell","6":"Macrophage","7":"Pancreas exocrine cell","8":"Stromal cell"},"mean_silhouette":{"0":0.8297939225,"1":0.4754433557,"2":0.4227435058,"3":0.4082810071,"4":0.5903625472,"5":0.8717179762,"6":0.7335747583,"7":0.4241786511,"8":-0.0657768583},"std_silhouette":{"0":0.039137988,"1":0.1980932777,"2":0.2701876421,"3":0.489187405,"4":0.138356165,"5":0.0585209654,"6":0.4308269677,"7":0.2890027353,"8":0.299024851},"median_silhouette":{"0":0.8427381115,"1":0.5500902744,"2":0.5587051966,"3":0.6073159326,"4":0.6350748336,"5":0.8939871738,"6":0.8651064666,"7":0.5657552298,"8":0.0445978803},"count":{"0":6,"1":20,"2":12,"3":9,"4":3784,"5":124,"6":147,"7":5566,"8":43}}