{"author_cell_type":{"0":"CNT","1":"DCT1","2":"DCT2","3":"ENDO","4":"FIB","5":"ICA","6":"ICB","7":"LEUK","8":"MES","9":"PC","10":"PEC","11":"PODO","12":"PT","13":"PT_VCAM1","14":"TAL"},"mean_silhouette":{"0":0.3787373479,"1":0.513580888,"2":0.6120295459,"3":0.7625460296,"4":0.7374167505,"5":0.7886125968,"6":0.8957477759,"7":0.9759708633,"8":0.5888760324,"9":0.6546674985,"10":0.7776978966,"11":0.8267774492,"12":0.5629564241,"13":0.8093762706,"14":0.5334566348},"std_silhouette":{"0":0.2621919999,"1":0.2134463459,"2":0.1554138931,"3":0.1707007849,"4":0.1333631697,"5":0.0903564869,"6":0.08998172,"7":0.009129495,"8":0.1072204955,"9":0.1071626829,"10":0.0873499014,"11":0.064924057,"12":0.1481468072,"13":0.2223560467,"14":0.1760373176},"median_silhouette":{"0":0.4827359082,"1":0.5844663707,"2":0.6567479739,"3":0.7789361625,"4":0.7842935734,"5":0.8083615024,"6":0.9041587441,"7":0.9789561873,"8":0.6555207872,"9":0.6908346027,"10":0.7930088,"11":0.8451867308,"12":0.6015617041,"13":0.8624077075,"14":0.5786649629},"count":{"0":1805,"1":2761,"2":489,"3":1008,"4":207,"5":1107,"6":349,"7":63,"8":239,"9":1022,"10":552,"11":463,"12":5036,"13":449,"14":4435}}