{"author_cell_type":{"0":"B cell","1":"B cell (Plasmocyte)","2":"Basal cell","3":"CB CD34+","4":"Dendritic cell","5":"Endothelial cell","6":"Endothelial cell (APC)","7":"Endothelial cell (endothelial to mesenchymal transition)","8":"Enterocyte","9":"Enterocyte progenitor","10":"Epithelial cell","11":"Epithelial cell (intermediated)","12":"Fetal Neuron","13":"Fetal endocrine cell","14":"Fetal enterocyte","15":"Fetal epithelial progenitor","16":"Fetal mesenchymal progenitor","17":"Fetal neuron","18":"Fetal stromal cell","19":"Fibroblast","20":"Gastric chief cell","21":"Gastric endocrine cell","22":"Goblet cell","23":"Hepatocyte\/Endodermal cell","24":"M2 Macrophage","25":"Macrophage","26":"Mast cell","27":"Monocyte","28":"Neutrophil","29":"Primordial germ cell","30":"Smooth muscle cell","31":"Stratified epithelial cell","32":"Stromal cell","33":"T cell"},"mean_silhouette":{"0":0.1945295176,"1":0.6466955876,"2":0.5455006078,"3":0.2986086362,"4":0.0648929928,"5":-0.1086582373,"6":0.3176858101,"7":-0.378007487,"8":0.3231406082,"9":0.3968750119,"10":0.3570471549,"11":0.5814126576,"12":-0.4713232794,"13":0.8852441952,"14":-0.2562164423,"15":0.3126880687,"16":-0.0371790776,"17":0.8771720961,"18":-0.4522035099,"19":0.4187129957,"20":0.5225480079,"21":0.7167679762,"22":0.3339666691,"23":-0.074704654,"24":0.1733076003,"25":-0.1024915165,"26":0.5300158441,"27":0.30376236,"28":0.7620916647,"29":-0.6185769695,"30":0.5411809557,"31":0.7729615749,"32":-0.1826814538,"33":0.1976562422},"std_silhouette":{"0":0.3419022281,"1":0.1354404198,"2":0.1864232497,"3":0.3458029799,"4":0.2709488465,"5":0.2180691779,"6":0.1941120742,"7":0.2648506416,"8":0.2228929049,"9":0.2200408069,"10":0.3126058565,"11":0.099110549,"12":0.2004118257,"13":0.1709157885,"14":0.2672154509,"15":0.3989079986,"16":0.4644964877,"17":0.056508401,"18":0.2744563648,"19":0.2675283515,"20":0.1900421175,"21":0.2323133935,"22":0.212925595,"23":0.3557450365,"24":0.1149733627,"25":0.1780007666,"26":0.2148787749,"27":0.22126234,"28":0.1849486014,"29":0.134690317,"30":0.3287576071,"31":0.1837794591,"32":0.2270549526,"33":0.3354456624},"median_silhouette":{"0":0.3365077684,"1":0.6751657125,"2":0.5914099359,"3":0.4432093466,"4":0.2017253202,"5":-0.1074264164,"6":0.3796788954,"7":-0.332888296,"8":0.3993035524,"9":0.4621611089,"10":0.4808123922,"11":0.6049561796,"12":-0.3726641671,"13":0.9161159976,"14":-0.1152687113,"15":0.4203775284,"16":0.2156455882,"17":0.905181905,"18":-0.3375838194,"19":0.5210699853,"20":0.5822878516,"21":0.8104015324,"22":0.3847824732,"23":0.1140418085,"24":0.1533820217,"25":-0.0775962379,"26":0.5942279941,"27":0.3876179432,"28":0.8076693423,"29":-0.5819417247,"30":0.676030772,"31":0.8141737173,"32":-0.1586920544,"33":0.3281492879},"count":{"0":3067,"1":13094,"2":3712,"3":6,"4":972,"5":174,"6":1483,"7":37,"8":8668,"9":12163,"10":2306,"11":6,"12":19,"13":676,"14":58,"15":11,"16":7,"17":13,"18":48,"19":3958,"20":4973,"21":5,"22":4620,"23":12,"24":6,"25":1898,"26":600,"27":136,"28":75,"29":5,"30":409,"31":838,"32":5284,"33":2727}}