{"Celltype":{"0":"Diff. Keratinocytes","1":"EpSC and undiff. progenitors","2":"Erythrocytes","3":"Lymphatic EC","4":"Macrophages+DC","5":"Melanocytes","6":"Mesenchymal fibroblasts","7":"Pericytes","8":"Pro-inflammatory fibroblasts","9":"Secretory-papillary fibroblasts","10":"Secretory-reticular fibroblasts","11":"T cells","12":"Vascular EC"},"mean_silhouette":{"0":0.5292999178,"1":0.4798221204,"2":0.8883916911,"3":0.9165326238,"4":0.652273561,"5":-0.0390496044,"6":0.5845383189,"7":0.5113625006,"8":0.3098074796,"9":0.4990588047,"10":0.5316490353,"11":0.664910074,"12":0.6494688478},"std_silhouette":{"0":0.1608631332,"1":0.2470656592,"2":0.1248381362,"3":0.0127222749,"4":0.1580124946,"5":0.4921102807,"6":0.2450751631,"7":0.2541266652,"8":0.2614855958,"9":0.2415866279,"10":0.2271018888,"11":0.1990170593,"12":0.1116306678},"median_silhouette":{"0":0.5720766744,"1":0.5926791592,"2":0.9156428225,"3":0.9185625441,"4":0.6955633755,"5":0.3179732394,"6":0.6574864636,"7":0.5946477328,"8":0.3511065469,"9":0.5889757914,"10":0.6279280812,"11":0.7364872899,"12":0.6647895259},"count":{"0":1399,"1":1187,"2":310,"3":294,"4":2228,"5":123,"6":594,"7":1220,"8":1793,"9":1675,"10":1886,"11":1281,"12":1467}}