{"author_cell_type":{"0":"AT1\/AT2-like","1":"AT2\/Club-like","2":"B cell","3":"T cell","4":"alveolar macrophage","5":"basal cell","6":"blood vessel endothelial cell","7":"chondrocyte","8":"ciliated cell","9":"club cell","10":"dendritic cell","11":"endothelial cell","12":"endothelial cell of artery","13":"enucleate erythrocyte","14":"fibroblast","15":"goblet cell","16":"lymphatics","17":"macrophage","18":"mast cell","19":"monocyte","20":"myofibroblast cell","21":"natural killer cell","22":"pericyte cell","23":"smooth muscle cell","24":"type I pneumocyte","25":"type II pneumocyte","26":"unknown","27":"vascular associated smooth muscle cell","28":"vein endothelial cell"},"mean_silhouette":{"0":0.1030001254,"1":0.2706347811,"2":0.8787672017,"3":0.3480916478,"4":0.3897825626,"5":-0.467331372,"6":-0.7944639806,"7":-0.7440061302,"8":0.8815371317,"9":0.0663749653,"10":0.7102432687,"11":0.1780488353,"12":0.0516756549,"13":0.9516069356,"14":0.2148752046,"15":0.6328159396,"16":0.9252329909,"17":0.7296927545,"18":0.0729204029,"19":0.2353706948,"20":0.5637708394,"21":0.7713237585,"22":0.6787617229,"23":-0.3312455013,"24":0.7263078165,"25":0.3054837151,"26":-0.7514156891,"27":0.1090732717,"28":-0.0485124347},"std_silhouette":{"0":0.2488364457,"1":0.1625898334,"2":0.0282463027,"3":0.2018261291,"4":0.2540316288,"5":0.141212948,"6":0.0922449262,"7":0.0948862934,"8":0.0256024822,"9":0.3865232353,"10":0.1311905882,"11":0.3283276351,"12":0.1027469103,"13":0.0101588687,"14":0.1622156028,"15":0.2095709107,"16":0.0206258066,"17":0.0922487307,"18":0.3638701883,"19":0.2631389045,"20":0.1729554062,"21":0.0702465954,"22":0.1623726603,"23":0.145496206,"24":0.1197426134,"25":0.283142753,"26":0.0790071265,"27":0.4480491036,"28":0.1206318775},"median_silhouette":{"0":0.17115765,"1":0.3193757404,"2":0.8870534013,"3":0.4215050999,"4":0.4883159381,"5":-0.4265483523,"6":-0.8456341739,"7":-0.7324062247,"8":0.8890955557,"9":0.2351245493,"10":0.772734623,"11":0.2627197702,"12":0.0925133324,"13":0.9508811977,"14":0.2340559233,"15":0.7119520139,"16":0.930763483,"17":0.7531971915,"18":0.2843242599,"19":0.3250241941,"20":0.6505958998,"21":0.7928130651,"22":0.7075325344,"23":-0.3235651835,"24":0.7727478856,"25":0.4134293736,"26":-0.7640214707,"27":0.3050927346,"28":-0.0534630241},"count":{"0":80,"1":117,"2":87,"3":596,"4":2641,"5":60,"6":7,"7":37,"8":240,"9":230,"10":32,"11":266,"12":39,"13":13,"14":674,"15":95,"16":128,"17":205,"18":26,"19":831,"20":18,"21":183,"22":71,"23":20,"24":1092,"25":2069,"26":473,"27":25,"28":34}}