{"author_cell_type":{"0":"Cardiomyocyte","1":"Endothelial","2":"Fibroblast","3":"Lymphoid","4":"Myeloid","5":"Neuronal","6":"Pericyte","7":"Smooth Muscle"},"mean_silhouette":{"0":0.7034976905,"1":0.6755150116,"2":0.6559226964,"3":0.6810796461,"4":0.5702262611,"5":0.89609248,"6":0.4090846491,"7":0.6457860674},"std_silhouette":{"0":0.1018657549,"1":0.1105361233,"2":0.0935858397,"3":0.155675846,"4":0.2006164049,"5":0.145531707,"6":0.1639325865,"7":0.1947616795},"median_silhouette":{"0":0.7369695511,"1":0.7103754656,"2":0.6827894574,"3":0.7602160439,"4":0.6221573235,"5":0.9115447321,"6":0.4498780875,"7":0.7429520076},"count":{"0":8132,"1":15336,"2":11154,"3":1002,"4":4502,"5":757,"6":7100,"7":1376}}