{"author_cell_type":{"0":"AT2 cell","1":"Antigen presenting cell (RPS high)","2":"B cell","3":"B cell (Plasmocyte)","4":"Basal cell","5":"CB CD34+","6":"Chondrocyte","7":"Dendritic cell","8":"Endothelial cell","9":"Endothelial cell (APC)","10":"Endothelial cell (endothelial to mesenchymal transition)","11":"Epithelial cell","12":"Fetal chondrocyte","13":"Fetal epithelial progenitor","14":"Fetal mesenchymal progenitor","15":"Fetal stromal cell","16":"Fibroblast","17":"M2 Macrophage","18":"Macrophage","19":"Mast cell","20":"Mesothelial cell","21":"Monocyte","22":"Neutrophil","23":"Neutrophil (RPS high)","24":"Sinusoidal endothelial cell","25":"Smooth muscle cell","26":"Stratified epithelial cell","27":"Stromal cell","28":"T cell","29":"Thyroid follicular cell"},"mean_silhouette":{"0":-0.0754764954,"1":-0.1564325389,"2":-0.4216648143,"3":0.4720132648,"4":0.3210989616,"5":0.3040785944,"6":0.6519272166,"7":0.2334589188,"8":0.4440832899,"9":0.208442585,"10":-0.1697880118,"11":0.2278162838,"12":0.3175495329,"13":0.0080728336,"14":0.3542573935,"15":-0.6264821787,"16":0.3402088336,"17":0.6906313365,"18":-0.060998181,"19":0.7364500226,"20":0.564039818,"21":0.2974679352,"22":0.4894627277,"23":0.2878792245,"24":0.3743286746,"25":0.1323012689,"26":0.6100084603,"27":0.4103162382,"28":0.5099843325,"29":0.8629308902},"std_silhouette":{"0":0.3280115839,"1":0.2015745227,"2":0.200048495,"3":0.2397672543,"4":0.3360297203,"5":0.2335903386,"6":0.2245502181,"7":0.2773191867,"8":0.3353057426,"9":0.3227632753,"10":0.2018709602,"11":0.2385326274,"12":0.356566886,"13":0.5494800712,"14":0.3826242284,"15":0.1521918382,"16":0.286543145,"17":0.2200279986,"18":0.2160503809,"19":0.1977302368,"20":0.1754099014,"21":0.2663838609,"22":0.2004097286,"23":0.326547197,"24":0.249612409,"25":0.3111556552,"26":0.134250054,"27":0.2807198095,"28":0.2481863567,"29":0.0311990825},"median_silhouette":{"0":-0.0547908664,"1":-0.1799614281,"2":-0.3942004936,"3":0.5362656857,"4":0.44592994,"5":0.2413815101,"6":0.7178758636,"7":0.3039574999,"8":0.6003584552,"9":0.3091264712,"10":-0.1730160335,"11":0.3135414536,"12":0.5541910656,"13":0.3647288994,"14":0.4910067697,"15":-0.5567370979,"16":0.4204261191,"17":0.769047831,"18":-0.0654242113,"19":0.8118105308,"20":0.6282542992,"21":0.4076426173,"22":0.5507053828,"23":0.4648874023,"24":0.4326878692,"25":0.2717054666,"26":0.6475290883,"27":0.5031608111,"28":0.6021149531,"29":0.8673326954},"count":{"0":7401,"1":6,"2":55,"3":493,"4":2388,"5":9,"6":421,"7":819,"8":1229,"9":2573,"10":3681,"11":68,"12":5,"13":42,"14":33,"15":8,"16":16076,"17":5421,"18":2229,"19":679,"20":2611,"21":537,"22":1110,"23":5,"24":9,"25":691,"26":3603,"27":381,"28":1079,"29":5}}