{"Level_5":{"0":"2_Smooth muscle","1":"3_EC arterial","2":"3_Fibromyocytes","3":"3_Lymphatic EC mature","4":"3_Mast cells","5":"4_Adventitial fibroblasts","6":"4_Alveolar fibroblasts","7":"4_Alveolar macrophages","8":"4_B cells","9":"4_Basal resting","10":"4_CD4 T cells","11":"4_CD8 T cells","12":"4_Classical monocytes","13":"4_DC2","14":"4_Deuterosomal","15":"4_EC general capillary","16":"4_EC venous pulmonary","17":"4_EC venous systemic","18":"4_Ionocyte","19":"4_Neuroendocrine","20":"4_Peribronchial fibroblasts","21":"4_Pericytes","22":"4_Plasma cells","23":"4_SMG duct","24":"4_SMG mucous","25":"4_Suprabasal","26":"4_Tuft","27":"Alveolar M\u03c6 CCL3+","28":"Club (nasal)","29":"Club (non-nasal)","30":"Goblet (bronchial)","31":"Goblet (nasal)","32":"Goblet (subsegmental)","33":"Interstitial M\u03c6 perivascular","34":"Monocyte-derived M\u03c6","35":"Multiciliated (nasal)","36":"Multiciliated (non-nasal)","37":"None","38":"SMG serous (bronchial)","39":"SMG serous (nasal)","40":"Unknown"},"mean_silhouette":{"0":-0.6048219624,"1":0.2560301584,"2":0.7777480343,"3":-0.8081325497,"4":0.7775019465,"5":0.1539578188,"6":-0.0517866755,"7":0.4962655371,"8":0.8471772564,"9":0.700197881,"10":0.1026758731,"11":0.7869030342,"12":0.3540917033,"13":0.3278503112,"14":0.3445272935,"15":-0.3476868835,"16":-0.2039982669,"17":0.4788386768,"18":-0.8233317802,"19":0.3073499112,"20":0.0397855085,"21":-0.6906974776,"22":0.5340375873,"23":0.6684932385,"24":0.77731717,"25":0.5353461438,"26":0.4076076732,"27":0.1836399781,"28":-0.3519912324,"29":-0.166557962,"30":-0.0428708548,"31":-0.3847893156,"32":0.0749498083,"33":-0.2772943853,"34":-0.3839640721,"35":-0.2659580037,"36":-0.2088036379,"37":-0.7485581338,"38":0.3522818704,"39":-0.428560973,"40":-0.7439539276},"std_silhouette":{"0":0.2178081864,"1":0.1950949264,"2":0.0814340604,"3":0.0934456917,"4":0.3120010803,"5":0.1990778138,"6":0.4035679509,"7":0.2978966956,"8":0.0407573518,"9":0.1102835675,"10":0.4038511165,"11":0.2153725754,"12":0.5155802154,"13":0.2300813204,"14":0.1459898429,"15":0.2018357732,"16":0.2450848534,"17":0.2893441266,"18":0.1307282364,"19":0.2995328137,"20":0.2098872124,"21":0.0730400479,"22":0.2802079654,"23":0.2609276518,"24":0.1736381864,"25":0.2252519187,"26":0.2540853208,"27":0.3325925281,"28":0.2524796446,"29":0.1363511542,"30":0.1436168799,"31":0.1608902025,"32":0.1808315509,"33":0.2668858726,"34":0.1945878959,"35":0.2875788075,"36":0.2408088475,"37":0.1376847161,"38":0.2900867211,"39":0.2124087642,"40":0.1351034489},"median_silhouette":{"0":-0.6668989992,"1":0.3094548664,"2":0.8085553985,"3":-0.8098141743,"4":0.8430588693,"5":0.2052381073,"6":0.0293550679,"7":0.6334221359,"8":0.8524891819,"9":0.7322967787,"10":0.2782640916,"11":0.8400918385,"12":0.6386231419,"13":0.3960891504,"14":0.4176832694,"15":-0.3306662745,"16":-0.1184152283,"17":0.6044354798,"18":-0.8793772681,"19":0.4111390886,"20":0.1012509464,"21":-0.7097699811,"22":0.5950079157,"23":0.7690002205,"24":0.8276163436,"25":0.6095434892,"26":0.5306535579,"27":0.2959073275,"28":-0.3891744152,"29":-0.1558078733,"30":-0.0209744679,"31":-0.3973218006,"32":0.1593734284,"33":-0.2824791545,"34":-0.3573318589,"35":-0.4318318651,"36":-0.1643573502,"37":-0.7683064262,"38":0.4889511917,"39":-0.4117510856,"40":-0.7322279929},"count":{"0":200,"1":36,"2":85,"3":6,"4":58,"5":6,"6":7,"7":14,"8":12,"9":10362,"10":47,"11":739,"12":11,"13":242,"14":28,"15":6,"16":15,"17":1011,"18":19,"19":23,"20":224,"21":6,"22":114,"23":60,"24":259,"25":4464,"26":12,"27":14,"28":105,"29":2436,"30":327,"31":371,"32":23,"33":73,"34":20,"35":12,"36":9428,"37":45246,"38":1610,"39":5,"40":2874}}