{"cell_label":{"0":"acinar","1":"acinar_minor_mhcclassII","2":"alpha","3":"beta_major","4":"beta_minor","5":"delta","6":"duct_acinar_related","7":"duct_major","8":"endothelial","9":"epsilon","10":"hybrid","11":"immune_stellates","12":"pp","13":"stellates"},"mean_silhouette":{"0":0.5761600262,"1":0.1227931333,"2":0.0699820809,"3":-0.2901624579,"4":-0.364610283,"5":-0.0905088728,"6":-0.2616490461,"7":0.2888320569,"8":0.3365211548,"9":0.2985373097,"10":-0.5396014622,"11":0.5688161343,"12":-0.3088310306,"13":0.6083672477},"std_silhouette":{"0":0.2527268954,"1":0.328539068,"2":0.2527661302,"3":0.2307207793,"4":0.3150307322,"5":0.1976998435,"6":0.2847450592,"7":0.2352847706,"8":0.3474358305,"9":0.2426618947,"10":0.2335907507,"11":0.473603768,"12":0.1383798286,"13":0.1920774534},"median_silhouette":{"0":0.6627502374,"1":0.2104161659,"2":0.1627021249,"3":-0.3371494823,"4":-0.4077569377,"5":-0.0524667454,"6":-0.3680080549,"7":0.4035913853,"8":0.4940194762,"9":0.4436783629,"10":-0.6190754865,"11":0.745948114,"12":-0.3016860597,"13":0.6633312017},"count":{"0":6978,"1":144,"2":8826,"3":7287,"4":1372,"5":957,"6":1522,"7":335,"8":1016,"9":152,"10":2564,"11":195,"12":373,"13":602}}