{"author_cell_type":{"0":"CD4T","1":"NK\/NKT","2":"CD8T","3":"AT1","4":"AT2","5":"Club\/Basal","6":"Cilia","7":"Artery_cell","8":"Vein_cell","9":"Capillary_Cell","10":"Lymphatic_Cell","11":"SM\/Pericyte","12":"Fibroblast","13":"Mono","14":"Macrophage","15":"DC1","16":"DC2","17":"Neutrophil","18":"Prolif.immune","19":"Mast_cell","20":"B_cell","21":"Plasma_cell"},"mean_silhouette":{"0":0.4932955636,"1":0.5040497699,"2":0.3275411362,"3":0.6267229615,"4":0.502765341,"5":0.5429617487,"6":0.5612729878,"7":0.6742646734,"8":0.6257814571,"9":0.1695124001,"10":0.9438393527,"11":0.4871743951,"12":0.1014845079,"13":0.4276138752,"14":0.4474646981,"15":0.0033378329,"16":0.7301549955,"17":0.73596029,"18":0.6727593165,"19":0.7457399883,"20":0.7123193207,"21":0.7349471006},"std_silhouette":{"0":0.2000506955,"1":0.1825296614,"2":0.2216184763,"3":0.1711942416,"4":0.2018555836,"5":0.1446645257,"6":0.1872540645,"7":0.1403075877,"8":0.1791533222,"9":0.2240494493,"10":0.0202643446,"11":0.1987026359,"12":0.3282773526,"13":0.1949767072,"14":0.2257164624,"15":0.2423534062,"16":0.1309868071,"17":0.235543611,"18":0.2397991081,"19":0.0990343024,"20":0.1568982109,"21":0.1501104261},"median_silhouette":{"0":0.5731849624,"1":0.5588094254,"2":0.3607248072,"3":0.7121604239,"4":0.5681050718,"5":0.5734040707,"6":0.6157548051,"7":0.7270582643,"8":0.6961068977,"9":0.241735681,"10":0.950819934,"11":0.5187247508,"12":0.2065844745,"13":0.471991373,"14":0.5167324301,"15":0.0099747426,"16":0.777529177,"17":0.789965021,"18":0.7422410698,"19":0.7680303325,"20":0.7657576851,"21":0.7852243797},"count":{"0":7178,"1":5679,"2":2599,"3":335,"4":1296,"5":134,"6":1054,"7":587,"8":1186,"9":4401,"10":137,"11":836,"12":2281,"13":1789,"14":2287,"15":1191,"16":485,"17":357,"18":191,"19":1220,"20":367,"21":209}}