{"Broad cell type":{"0":"Endothelial cell (lymphatic)","1":"Endothelial cell (vascular)","2":"Epithelial cell (alveolar type I)","3":"Epithelial cell (alveolar type II)","4":"Epithelial cell (basal)","5":"Epithelial cell (ciliated)","6":"Epithelial cell (club)","7":"Fibroblast","8":"Immune (B cell)","9":"Immune (DC\/macrophage)","10":"Immune (NK cell)","11":"Immune (T cell)","12":"Immune (alveolar macrophage)","13":"Immune (mast cell)","14":"Pericyte\/SMC"},"mean_silhouette":{"0":0.7538169622,"1":0.6238915324,"2":0.713572979,"3":0.5461536646,"4":-0.2308777869,"5":0.8932004571,"6":-0.0439224131,"7":0.8224013448,"8":0.8096738458,"9":0.2783762813,"10":0.6928588748,"11":0.0484179631,"12":0.5172803998,"13":0.7714418173,"14":0.0217027776},"std_silhouette":{"0":0.2192125171,"1":0.1406289935,"2":0.1716517806,"3":0.1799611449,"4":0.4335684776,"5":0.2343174815,"6":0.3218121827,"7":0.1756472886,"8":0.1548781246,"9":0.2327222228,"10":0.119427681,"11":0.3010384738,"12":0.1945530027,"13":0.235435307,"14":0.4557148218},"median_silhouette":{"0":0.7967714071,"1":0.6626365185,"2":0.7545031309,"3":0.6080034971,"4":-0.4347888827,"5":0.9295471907,"6":-0.0105804671,"7":0.8667587042,"8":0.8554564714,"9":0.3529020548,"10":0.7274100184,"11":0.14229846,"12":0.5674241185,"13":0.80769068,"14":0.2960474193},"count":{"0":334,"1":2412,"2":7274,"3":15103,"4":142,"5":896,"6":660,"7":1476,"8":56,"9":921,"10":56,"11":613,"12":5121,"13":57,"14":163}}