{"Manually_curated_celltype":{"0":"ABCs","1":"Alveolar macrophages","2":"Classical monocytes","3":"Cycling","4":"Cycling T&NK","5":"DC1","6":"DC2","7":"Erythroid","8":"Erythrophagocytic macrophages","9":"GC_B (I)","10":"ILC3","11":"Intermediate macrophages","12":"Intestinal macrophages","13":"MAIT","14":"MNP\/B doublets","15":"MNP\/T doublets","16":"Mast cells","17":"Megakaryocytes","18":"Memory B cells","19":"NK_CD16+","20":"NK_CD56bright_CD16-","21":"Naive B cells","22":"Nonclassical monocytes","23":"Plasma cells","24":"Plasmablasts","25":"Pre-B","26":"Pro-B","27":"Progenitor","28":"T\/B doublets","29":"T_CD4\/CD8","30":"Teffector\/EM_CD4","31":"Tem\/emra_CD8","32":"Tfh","33":"Tgd_CRTAM+","34":"Tnaive\/CM_CD4","35":"Tnaive\/CM_CD4_activated","36":"Tnaive\/CM_CD8","37":"Tregs","38":"Trm\/em_CD8","39":"Trm_Th1\/Th17","40":"Trm_gut_CD8","41":"pDC"},"mean_silhouette":{"0":0.004418592,"1":-0.2931860089,"2":0.1856459975,"3":0.3418840766,"4":0.4191452563,"5":0.8317350745,"6":-0.5570656061,"7":0.5481834412,"8":0.1255706549,"9":-0.722283721,"10":0.5725030303,"11":0.2968966067,"12":0.7524476051,"13":0.3468545079,"14":-0.4631892741,"15":-0.6852541566,"16":0.0489959158,"17":0.2527203858,"18":0.0711219534,"19":0.526263833,"20":0.5549964309,"21":0.006405571,"22":0.4742131531,"23":0.1685380638,"24":0.4925646186,"25":0.2433210462,"26":0.3567794859,"27":-0.5945962667,"28":-0.8593418598,"29":-0.651014328,"30":-0.0830309913,"31":0.3774423599,"32":-0.0302398801,"33":0.4025605321,"34":0.4655063748,"35":0.0288114361,"36":0.4994391799,"37":0.1832792908,"38":0.2577385902,"39":0.011103102,"40":0.2967628241,"41":0.962878406},"std_silhouette":{"0":0.2864007056,"1":0.3852763474,"2":0.4264832735,"3":0.4517467618,"4":0.3703370392,"5":0.0588582754,"6":0.1232008338,"7":0.18359676,"8":0.4422030151,"9":0.1296111494,"10":0.362089783,"11":0.235797137,"12":0.0309297927,"13":0.4286005199,"14":0.1472617388,"15":0.1397227347,"16":0.5878105164,"17":0.4021212459,"18":0.2485061586,"19":0.2342500091,"20":0.168860957,"21":0.3126771748,"22":0.2880226672,"23":0.1605449468,"24":0.2057792097,"25":0.2023661882,"26":0.3351829946,"27":0.2082967609,"28":0.0560973473,"29":0.1320801526,"30":0.2301620543,"31":0.3255192637,"32":0.209061861,"33":0.2631599903,"34":0.2571026981,"35":0.2756029665,"36":0.373080045,"37":0.325339973,"38":0.295279026,"39":0.3650654256,"40":0.3464229703,"41":0.0317192413},"median_silhouette":{"0":0.1279399246,"1":-0.316554606,"2":0.3836730719,"3":0.5721580982,"4":0.5868541002,"5":0.8583039045,"6":-0.5458763838,"7":0.6279735565,"8":0.3882459402,"9":-0.7029291391,"10":0.6986292005,"11":0.3602365553,"12":0.7376497984,"13":0.5695400834,"14":-0.4215494394,"15":-0.6472251415,"16":0.3913747966,"17":0.5489099026,"18":0.1731492281,"19":0.6071099043,"20":0.5918821096,"21":0.083867833,"22":0.6029312611,"23":0.2072761804,"24":0.5660973191,"25":0.325925827,"26":0.5263445973,"27":-0.5289303064,"28":-0.8646897674,"29":-0.6872029901,"30":-0.0697211325,"31":0.5488042235,"32":-0.0055340277,"33":0.4933792055,"34":0.5692826509,"35":0.1066159457,"36":0.6469920278,"37":0.3425056934,"38":0.3566601872,"39":0.1169086099,"40":0.4432584047,"41":0.9705731869},"count":{"0":77,"1":19,"2":5032,"3":848,"4":798,"5":51,"6":149,"7":413,"8":36,"9":8,"10":31,"11":25,"12":5,"13":427,"14":9,"15":245,"16":86,"17":108,"18":608,"19":7394,"20":832,"21":765,"22":586,"23":239,"24":175,"25":72,"26":37,"27":1312,"28":50,"29":301,"30":2637,"31":6684,"32":267,"33":1028,"34":4410,"35":180,"36":629,"37":435,"38":2895,"39":167,"40":63,"41":374}}