{"author_cell_type":{"0":"CD3+ T-cells","1":"CDC1","2":"Cholangiocytes","3":"Cycling Myeloid","4":"Cycling Plasma","5":"Doublet","6":"Erythrocytes","7":"HSC","8":"Hepatocytes","9":"KC Like","10":"LSEC","11":"Macrophage (MHCII high)","12":"Mature B-cells","13":"Mono-Mac","14":"Myeloid Erythrocytes (phagocytosis)","15":"NK-like cells","16":"Neutrophil","17":"Plasma cells","18":"Platelets","19":"gd T-cells"},"mean_silhouette":{"0":0.5819123283,"1":-0.0217654771,"2":0.8738681785,"3":0.1884927001,"4":0.6198017954,"5":-0.5617064987,"6":0.6213905568,"7":0.5949160434,"8":0.2639389325,"9":0.3541580258,"10":0.4125987871,"11":0.385053881,"12":0.7469119748,"13":0.4643621483,"14":0.1357808024,"15":0.6397251426,"16":0.7646588115,"17":0.7160452641,"18":-0.5348307541,"19":0.7262468541},"std_silhouette":{"0":0.2090167808,"1":0.4185491926,"2":0.1599541513,"3":0.3203720681,"4":0.156569973,"5":0.2216248919,"6":0.1997195088,"7":0.3658646008,"8":0.2635080329,"9":0.1890368476,"10":0.2510986993,"11":0.2306910954,"12":0.2474624038,"13":0.2397138529,"14":0.4251483399,"15":0.2833485501,"16":0.2045815257,"17":0.1786271703,"18":0.1361674934,"19":0.153943215},"median_silhouette":{"0":0.6440533981,"1":0.2206304773,"2":0.9042653768,"3":0.3019656992,"4":0.6657656508,"5":-0.6514020772,"6":0.7043764337,"7":0.708948929,"8":0.3410087122,"9":0.3863889316,"10":0.4807141086,"11":0.4574214444,"12":0.8151681921,"13":0.5352318754,"14":0.3403697514,"15":0.7322326845,"16":0.811023391,"17":0.7702936401,"18":-0.5783441368,"19":0.7755302543},"count":{"0":3903,"1":25,"2":241,"3":351,"4":493,"5":364,"6":277,"7":655,"8":7630,"9":4634,"10":7690,"11":2378,"12":469,"13":3376,"14":70,"15":1816,"16":1143,"17":722,"18":111,"19":1777}}