{"author_cell_type":{"0":"ATL","1":"DCT1","2":"DCT2","3":"ENDO","4":"FIB","5":"ICA","6":"ICB","7":"LEUK","8":"MES","9":"PC","10":"PEC","11":"PODO","12":"PT","13":"PTVCAM1","14":"TAL1","15":"TAL2"},"mean_silhouette":{"0":0.5841425332,"1":0.7057839164,"2":0.3017457283,"3":0.7893879606,"4":-0.2972134334,"5":0.8268455894,"6":0.9261920391,"7":0.9469236373,"8":-0.0091865818,"9":0.6155172887,"10":0.7769435117,"11":0.887038936,"12":0.6285129594,"13":0.7275891608,"14":0.2884638143,"15":0.6046678735},"std_silhouette":{"0":0.3348054482,"1":0.1560099033,"2":0.2992061783,"3":0.0770443644,"4":0.3210255023,"5":0.0711974674,"6":0.0134954594,"7":0.0184240546,"8":0.1819796929,"9":0.1878146584,"10":0.1422070894,"11":0.1025770703,"12":0.1574328211,"13":0.1792945976,"14":0.2641263586,"15":0.1424351033},"median_silhouette":{"0":0.6938525209,"1":0.7337182869,"2":0.392711113,"3":0.7960528,"4":-0.080730593,"5":0.8349261258,"6":0.9277630687,"7":0.9552553559,"8":-0.0422151218,"9":0.7020161574,"10":0.8292628216,"11":0.8988180159,"12":0.6755169964,"13":0.7745142338,"14":0.3669411368,"15":0.6549650059},"count":{"0":324,"1":3489,"2":2610,"3":1167,"4":210,"5":1491,"6":376,"7":54,"8":268,"9":2053,"10":696,"11":679,"12":7919,"13":899,"14":3854,"15":1578}}