{"Broad cell type":{"0":"Adipocyte","1":"Endothelial cell (lymphatic)","2":"Endothelial cell (vascular)","3":"Fibroblast","4":"Immune (B cell)","5":"Immune (DC\/macrophage)","6":"Immune (NK cell)","7":"Immune (T cell)","8":"Immune (mast cell)","9":"Myocyte (cardiac)","10":"Myocyte (cardiac, cytoplasmic)","11":"Pericyte\/SMC","12":"Schwann cell"},"mean_silhouette":{"0":0.7618330121,"1":0.8327437043,"2":0.6502088904,"3":0.6795938611,"4":0.8573770523,"5":0.6575069427,"6":0.5635917187,"7":0.3016727269,"8":0.1395310163,"9":0.4244688451,"10":0.6815397739,"11":0.8296942115,"12":0.8343874812},"std_silhouette":{"0":0.3344748914,"1":0.1889883578,"2":0.1753012538,"3":0.1810515523,"4":0.255520612,"5":0.1661075056,"6":0.2157394141,"7":0.2926917374,"8":0.4234457314,"9":0.3614798784,"10":0.3028412759,"11":0.1124124303,"12":0.2565720081},"median_silhouette":{"0":0.8466361761,"1":0.8624438047,"2":0.7113044262,"3":0.7266381383,"4":0.9195625186,"5":0.6872823238,"6":0.6408107877,"7":0.4131644666,"8":0.3341569304,"9":0.5419644713,"10":0.7702490687,"11":0.8672977686,"12":0.8826832771},"count":{"0":193,"1":565,"2":7070,"3":9287,"4":22,"5":6320,"6":319,"7":357,"8":79,"9":7041,"10":2585,"11":2438,"12":298}}