{"author_cell_type":{"0":"Antigen presenting cell (RPS high)","1":"B cell (Plasmocyte)","2":"Dendritic cell","3":"Endothelial cell (APC)","4":"Fibroblast","5":"Macrophage","6":"Mast cell","7":"Monocyte","8":"Smooth muscle cell","9":"Stromal cell","10":"T cell","11":"Ventricle cardiomyocyte"},"mean_silhouette":{"0":0.6243268164,"1":0.842072302,"2":-0.1461836672,"3":0.4132284278,"4":0.043334996,"5":0.1854662114,"6":0.889970409,"7":0.2061576645,"8":0.2161082736,"9":0.426395774,"10":0.5769984593,"11":0.4984380062},"std_silhouette":{"0":0.0939612665,"1":0.050392382,"2":0.3307913183,"3":0.3229831003,"4":0.343691294,"5":0.3520170953,"6":0.0489226957,"7":0.260025478,"8":0.2978403671,"9":0.2212276873,"10":0.3415756734,"11":0.1995235673},"median_silhouette":{"0":0.6650969557,"1":0.8664926713,"2":-0.1295709544,"3":0.5273437829,"4":0.2125771742,"5":0.3528630848,"6":0.9106976264,"7":0.2950536349,"8":0.3377159131,"9":0.5057841604,"10":0.7156701539,"11":0.6220628557},"count":{"0":5,"1":5,"2":45,"3":183,"4":28,"5":677,"6":14,"7":226,"8":984,"9":458,"10":142,"11":8}}