{"author_cell_type":{"0":"Antigen presenting cell (RPS high)","1":"B cell","2":"B cell (Plasmocyte)","3":"Dendritic cell","4":"Endothelial cell","5":"Endothelial cell (APC)","6":"Endothelial cell (endothelial to mesenchymal transition)","7":"Enterocyte progenitor","8":"Epithelial cell","9":"Fetal epithelial progenitor","10":"Intercalated cell","11":"Loop of Henle","12":"Macrophage","13":"Mast cell","14":"Monocyte","15":"Neutrophil","16":"Proximal tubule progenitor","17":"Sinusoidal endothelial cell","18":"Smooth muscle cell","19":"Stromal cell","20":"T cell","21":"Ureteric bud cell"},"mean_silhouette":{"0":0.5866940188,"1":-0.033507842,"2":0.7965150432,"3":-0.1960434602,"4":-0.0458543027,"5":0.2780363712,"6":-0.0820895881,"7":-0.3634921538,"8":0.3841116732,"9":0.299715691,"10":0.4842489831,"11":0.1850613894,"12":0.118440453,"13":0.8694404572,"14":0.1775160317,"15":0.4487678687,"16":-0.0898118832,"17":-0.5031364336,"18":0.4576287268,"19":-0.3458537555,"20":0.1713955141,"21":0.3626244932},"std_silhouette":{"0":0.1118630441,"1":0.3109748167,"2":0.0546024111,"3":0.2268865969,"4":0.228228227,"5":0.2752058478,"6":0.2194572656,"7":0.1583385901,"8":0.2603661328,"9":0.31516535,"10":0.2326016046,"11":0.2698542189,"12":0.2532845162,"13":0.0710799726,"14":0.2597673693,"15":0.3564480958,"16":0.2563423578,"17":0.1687804576,"18":0.3182571966,"19":0.2411595518,"20":0.2867892765,"21":0.1870022789},"median_silhouette":{"0":0.6217784226,"1":0.0271758135,"2":0.8158421507,"3":-0.2299866388,"4":0.0022155147,"5":0.3723833299,"6":-0.0104667527,"7":-0.3114223307,"8":0.5079589736,"9":0.4706898485,"10":0.5553187267,"11":0.2547627866,"12":0.2131822741,"13":0.8979113342,"14":0.26554579,"15":0.5810849153,"16":-0.0391035834,"17":-0.4715399278,"18":0.5931970847,"19":-0.3098501736,"20":0.2609060039,"21":0.4242508545},"count":{"0":5,"1":66,"2":153,"3":930,"4":84,"5":2657,"6":10,"7":5,"8":4396,"9":40,"10":4392,"11":8434,"12":845,"13":68,"14":157,"15":24,"16":7,"17":11,"18":244,"19":16,"20":299,"21":102}}