{"Curated_annotation":{"0":"Adipocytes","1":"Arterial SMC","2":"Arterial endothelial cells","3":"Atria-enriched endothelial cells","4":"Atria-enriched pericytes","5":"Atrial cardiomyocytes","6":"Basic SMC","7":"CMC-like endothelial cells","8":"CMC-like pericytes","9":"Capillary endothelial cells","10":"Cytoplasmic cardiomyocytes","11":"Fibroblast-like endothelial cells","12":"Fibroblasts","13":"Immune-related endothelial cells","14":"Lymphatic endothelial cells","15":"Lymphoid","16":"MT-high fibroblasts","17":"Mast cells","18":"Mesothelial cells","19":"Myeloid","20":"NK cells","21":"Neuronal cells","22":"Stromal pericytes","23":"Venous endothelial cells","24":"Ventricle-enriched pericytes","25":"Ventricular cardiomyocytes"},"mean_silhouette":{"0":0.5921989083,"1":0.1808519661,"2":-0.2182630897,"3":0.0190884303,"4":-0.0348277576,"5":0.4389040172,"6":-0.1699033231,"7":-0.2584174275,"8":0.166762203,"9":-0.1583467424,"10":-0.1254121512,"11":-0.3533170521,"12":0.09039931,"13":-0.0335489884,"14":0.4418759942,"15":0.0175931007,"16":0.7585617304,"17":0.6713798046,"18":-0.1795956194,"19":0.0175617673,"20":0.3851466477,"21":0.6705787778,"22":-0.295238018,"23":-0.3948339522,"24":-0.1344369501,"25":0.3955652118},"std_silhouette":{"0":0.1807177514,"1":0.0924999341,"2":0.2600380778,"3":0.28198874,"4":0.1927744448,"5":0.3061979115,"6":0.1516271383,"7":0.2291392237,"8":0.3316285908,"9":0.1752530187,"10":0.2023772299,"11":0.1918701679,"12":0.2241223752,"13":0.2666030228,"14":0.2355052382,"15":0.2404574156,"16":0.0928337798,"17":0.1584957689,"18":0.3413781822,"19":0.3102025092,"20":0.3093852401,"21":0.1406551301,"22":0.1784515828,"23":0.1393140852,"24":0.1768367738,"25":0.3081940413},"median_silhouette":{"0":0.6381679773,"1":0.2087060511,"2":-0.1431136727,"3":0.1153441072,"4":0.0053809425,"5":0.5598012805,"6":-0.1778698415,"7":-0.2348896116,"8":0.3450616002,"9":-0.1494558007,"10":-0.1188866794,"11":-0.3401522636,"12":0.1335658133,"13":0.0281353481,"14":0.526756525,"15":0.0593225546,"16":0.7783004045,"17":0.7321529388,"18":-0.0043510012,"19":0.1302173883,"20":0.5611322522,"21":0.7086693048,"22":-0.305111587,"23":-0.373115629,"24":-0.1075749919,"25":0.5234117508},"count":{"0":12678,"1":5917,"2":28741,"3":21909,"4":14592,"5":57942,"6":20418,"7":6947,"8":3381,"9":87214,"10":29409,"11":2564,"12":177974,"13":4914,"14":2766,"15":16636,"16":9687,"17":2927,"18":1696,"19":59298,"20":4302,"21":7354,"22":15871,"23":16610,"24":83573,"25":235692}}