{"Manually_curated_celltype":{"0":"ABCs","1":"Alveolar macrophages","2":"Classical monocytes","3":"Cycling","4":"Cycling T&NK","5":"DC1","6":"DC2","7":"Erythrophagocytic macrophages","8":"ILC3","9":"Intermediate macrophages","10":"Intestinal macrophages","11":"MAIT","12":"MNP\/B doublets","13":"MNP\/T doublets","14":"Mast cells","15":"Memory B cells","16":"NK_CD16+","17":"NK_CD56bright_CD16-","18":"Naive B cells","19":"Nonclassical monocytes","20":"Plasma cells","21":"Plasmablasts","22":"Progenitor","23":"T\/B doublets","24":"T_CD4\/CD8","25":"Teffector\/EM_CD4","26":"Tem\/emra_CD8","27":"Tfh","28":"Tgd_CRTAM+","29":"Tnaive\/CM_CD4","30":"Tnaive\/CM_CD4_activated","31":"Tnaive\/CM_CD8","32":"Tregs","33":"Trm\/em_CD8","34":"Trm_Tgd","35":"Trm_Th1\/Th17","36":"Trm_gut_CD8","37":"migDC","38":"pDC"},"mean_silhouette":{"0":0.2983429432,"1":0.0775921866,"2":0.3741292953,"3":-0.4179737866,"4":0.4186553359,"5":0.7555497885,"6":-0.295828402,"7":-0.5095690489,"8":-0.0645327494,"9":0.5211753249,"10":0.484498024,"11":0.2473405898,"12":-0.4957284927,"13":0.0551425628,"14":0.9308246374,"15":0.0720036849,"16":0.5274068713,"17":0.4972591102,"18":0.6895361543,"19":0.5803050995,"20":0.0942667052,"21":0.5978379846,"22":0.4934614599,"23":-0.6294774413,"24":-0.5513134599,"25":-0.0375008993,"26":0.3270882666,"27":-0.1281770617,"28":0.2924833596,"29":0.306673795,"30":-0.0459153503,"31":0.0492633991,"32":0.4279839993,"33":0.1976788789,"34":-0.0620982796,"35":0.1781337112,"36":0.1958806068,"37":0.1573045105,"38":0.9688408971},"std_silhouette":{"0":0.3383774757,"1":0.2914455533,"2":0.2916026115,"3":0.1806466728,"4":0.364738822,"5":0.1479613036,"6":0.2823702097,"7":0.1232005805,"8":0.3765984178,"9":0.2152118087,"10":0.2085494101,"11":0.4361335039,"12":0.1966772825,"13":0.3726356328,"14":0.0184212066,"15":0.2795251012,"16":0.1952086538,"17":0.2228264511,"18":0.232528016,"19":0.2981614172,"20":0.265032053,"21":0.1331751049,"22":0.3111510873,"23":0.1141264811,"24":0.1763645858,"25":0.1775186956,"26":0.3252978325,"27":0.1594452858,"28":0.3378822505,"29":0.3031889498,"30":0.2597521544,"31":0.4134946167,"32":0.4091878533,"33":0.3336624503,"34":0.3027525544,"35":0.3465444446,"36":0.3152311146,"37":0.4733042419,"38":0.0088596484},"median_silhouette":{"0":0.3981375694,"1":0.179944545,"2":0.4911748171,"3":-0.367431283,"4":0.6018957496,"5":0.8026215434,"6":-0.2519775927,"7":-0.5298497677,"8":0.0970724672,"9":0.6055081487,"10":0.5630828142,"11":0.4976096153,"12":-0.4263754487,"13":0.229719758,"14":0.9361234307,"15":0.202898249,"16":0.5832872987,"17":0.5677128434,"18":0.7699743509,"19":0.7169276476,"20":0.2029882669,"21":0.6525763273,"22":0.6179149151,"23":-0.5798732042,"24":-0.5722740889,"25":0.0337551236,"26":0.4525896609,"27":-0.1002052948,"28":0.4324669838,"29":0.4188657403,"30":-0.1449721307,"31":0.2828268707,"32":0.6301848888,"33":0.3371324837,"34":-0.0304728188,"35":0.3180469275,"36":0.3011811972,"37":0.460501492,"38":0.9715362787},"count":{"0":10,"1":16976,"2":3380,"3":200,"4":216,"5":79,"6":329,"7":40,"8":40,"9":2139,"10":42,"11":124,"12":10,"13":1313,"14":823,"15":133,"16":2771,"17":462,"18":79,"19":752,"20":33,"21":36,"22":18,"23":24,"24":248,"25":947,"26":945,"27":79,"28":148,"29":176,"30":9,"31":39,"32":256,"33":417,"34":17,"35":1876,"36":82,"37":84,"38":63}}