{"Curated_annotation":{"0":"Acinar-mix","1":"Activated stellate cells","2":"Alpha cells","3":"Beta cells","4":"Delta cells","5":"Ductal cells","6":"Endothelial cells","7":"Gamma cells","8":"Idling acinar cells","9":"MUC5B+ ductal cells","10":"Macrophages","11":"Quiescent stellate cells","12":"Secretory acinar cells","13":"Stressed beta cells"},"mean_silhouette":{"0":0.7026195526,"1":-0.3324009478,"2":0.181886971,"3":-0.1108096465,"4":0.2034318298,"5":-0.1342406869,"6":0.0574867092,"7":0.1420086026,"8":0.3338873684,"9":0.6290336847,"10":0.423446238,"11":0.6732566357,"12":-0.1004038453,"13":0.3959802985},"std_silhouette":{"0":0.1398650408,"1":0.1649086624,"2":0.3037090003,"3":0.340839684,"4":0.3072775304,"5":0.276412487,"6":0.2780969441,"7":0.2921116948,"8":0.2849040926,"9":0.14447698,"10":0.2588716745,"11":0.1187028959,"12":0.2791749239,"13":0.1908649206},"median_silhouette":{"0":0.747361958,"1":-0.2984538674,"2":0.2985341549,"3":-0.0407944247,"4":0.3487624228,"5":-0.0639033467,"6":0.1589145809,"7":0.2815982103,"8":0.4304783344,"9":0.6904047728,"10":0.5406486988,"11":0.7195129991,"12":-0.0846519917,"13":0.4449641109},"count":{"0":3433,"1":2066,"2":17540,"3":14594,"4":3662,"5":18107,"6":2106,"7":336,"8":35308,"9":62,"10":551,"11":142,"12":21444,"13":2565}}