{"cell_type_fine":{"0":"AT1","1":"AT2","2":"Activated B cells","3":"Adventitial FB","4":"Airway basal","5":"Airway ciliated","6":"Airway club","7":"Airway goblet","8":"Airway mucous","9":"Airway smooth muscle","10":"Alveolar FB","11":"Alveolar macrophages","12":"Arterial endothelial cells","13":"B cells","14":"CD4+ T cells","15":"CD8+ T cells","16":"Capillary endothelial cells","17":"Cycling NK\/T cells","18":"Cycling epithelial","19":"Dendritic cells","20":"ECM-high epithelial","21":"Endothelial cells (general)","22":"Endothelial cells (other)","23":"Inflamed endothelial cells","24":"Intermediate pathological FB","25":"Mast cells","26":"Mesothelial FB","27":"Monocyte-derived macrophages","28":"Monocytes","29":"NK cells","30":"Neuronal cells","31":"Other FB","32":"Pathological FB","33":"Pericytes","34":"Plasma cells","35":"Pulmonary venous endothelial cells","36":"Systemic venous endothelial cells","37":"Transitioning MDM","38":"Tregs","39":"Tuft-like","40":"Vascular smooth muscle"},"mean_silhouette":{"0":0.4781117045,"1":0.4964964125,"2":-0.4212115893,"3":0.5938110475,"4":0.554558387,"5":0.8137523181,"6":0.1034854248,"7":-0.0572629578,"8":-0.5367703147,"9":0.2406352968,"10":0.6028519952,"11":0.5324613999,"12":0.7090880482,"13":0.4976242592,"14":0.0159169425,"15":0.1693756989,"16":0.7062633969,"17":-0.1957936521,"18":-0.1078171409,"19":-0.0183677722,"20":-0.7156804654,"21":0.4395725962,"22":-0.6273727358,"23":0.1429457649,"24":-0.0030573056,"25":0.8738242213,"26":-0.2645342596,"27":0.0640210304,"28":0.568533278,"29":0.5023006149,"30":0.8229691518,"31":0.3559500573,"32":0.3917164216,"33":0.7901743229,"34":0.6929774143,"35":0.6268989343,"36":-0.451557928,"37":-0.0460940692,"38":-0.007910614,"39":-0.1638767095,"40":-0.0689037369},"std_silhouette":{"0":0.3470438825,"1":0.219382952,"2":0.152278946,"3":0.2413269658,"4":0.2414634265,"5":0.0912415706,"6":0.3702532623,"7":0.1844065312,"8":0.1458674159,"9":0.4553390046,"10":0.2224846571,"11":0.2405884161,"12":0.1718301635,"13":0.1174265376,"14":0.1814585311,"15":0.2959045758,"16":0.2027979627,"17":0.4482554064,"18":0.4125641774,"19":0.3330204146,"20":0.1115043299,"21":0.2237547271,"22":0.1445108092,"23":0.4051361431,"24":0.2822765654,"25":0.1662052745,"26":0.3052884958,"27":0.3392373436,"28":0.2127076977,"29":0.272557605,"30":0.2219129001,"31":0.2575887982,"32":0.2459650473,"33":0.2003994375,"34":0.1779281605,"35":0.1606722939,"36":0.1680132118,"37":0.3269707262,"38":0.2064248707,"39":0.2287342291,"40":0.3865512124},"median_silhouette":{"0":0.6109725636,"1":0.5785063644,"2":-0.402702813,"3":0.6881786116,"4":0.6467278453,"5":0.8375365832,"6":0.2038415238,"7":0.0009321632,"8":-0.5169293263,"9":0.4725902249,"10":0.6895304641,"11":0.6279576519,"12":0.7669316475,"13":0.5220531389,"14":0.0566027078,"15":0.2543883546,"16":0.7727061711,"17":-0.1145645783,"18":0.0901148724,"19":0.0888604252,"20":-0.68301925,"21":0.5227681668,"22":-0.598001508,"23":0.3148164447,"24":0.0528981542,"25":0.8953277637,"26":-0.0800940251,"27":0.1925806372,"28":0.6578117569,"29":0.6261505915,"30":0.8566497198,"31":0.4468161836,"32":0.4558019595,"33":0.8480535757,"34":0.7578175336,"35":0.6950303735,"36":-0.4553346599,"37":0.0556117236,"38":0.0249501982,"39":-0.0751972226,"40":0.1040645051},"count":{"0":4939,"1":6911,"2":623,"3":923,"4":169,"5":1150,"6":376,"7":1015,"8":1049,"9":398,"10":1940,"11":1645,"12":413,"13":481,"14":2711,"15":803,"16":581,"17":635,"18":192,"19":546,"20":331,"21":612,"22":208,"23":50,"24":1246,"25":555,"26":36,"27":2030,"28":652,"29":727,"30":331,"31":334,"32":120,"33":160,"34":880,"35":149,"36":65,"37":305,"38":216,"39":41,"40":129}}