{"manual_annotation_1":{"0":"AT1","1":"AT2","2":"Adventitial FB","3":"Alveolar FB","4":"Alveolar macrophage","5":"Arteriole","6":"B cells","7":"Basal","8":"CD4","9":"CD8\/NKT","10":"Ciliated","11":"Differentiating ciliated","12":"Inflamed","13":"Inflammatory monocyte","14":"Interstitial macrophage","15":"KRT5-\/KRT17+","16":"Lymphatic","17":"Mast","18":"Mesothelial","19":"Monocyte","20":"Monocyte-derived macrophage","21":"MyoFB","22":"MyoFB - Activated","23":"NK","24":"PLIN2+ FB","25":"PNEC","26":"Pericyte","27":"Plasma","28":"Proliferating - Epi","29":"Proliferating - Imm","30":"SMC","31":"Secretory - SCGB1A1+\/MUC5B+","32":"Secretory - SCGB1A1+\/SCGB3A2+","33":"Secretory - SCGB3A2+","34":"Systemic venous","35":"Transitional AT2","36":"Venule","37":"aCap","38":"cDC1","39":"cDC2","40":"gCap","41":"moDC","42":"pDC"},"mean_silhouette":{"0":0.3254069817,"1":0.4021749412,"2":0.4595021014,"3":0.1346618024,"4":0.3030301696,"5":-0.1140402434,"6":-0.3433036073,"7":-0.2707526537,"8":0.032827675,"9":-0.1268904969,"10":0.4290935677,"11":-0.0569646508,"12":0.119294945,"13":-0.0125892918,"14":0.0728957544,"15":-0.0159918612,"16":0.5640830321,"17":0.6262693915,"18":0.6403154147,"19":0.2866139336,"20":-0.2142952063,"21":-0.4704297126,"22":-0.075494694,"23":0.3771829353,"24":-0.237147059,"25":0.5559786436,"26":0.2063453309,"27":0.5824706428,"28":-0.6217388526,"29":-0.6244440654,"30":0.0731159771,"31":0.1050890369,"32":0.2063155517,"33":-0.1851816867,"34":-0.0511871442,"35":-0.3834873963,"36":-0.1100305218,"37":-0.2401296817,"38":0.3463138329,"39":-0.1636101182,"40":0.5528989964,"41":0.0296715747,"42":0.3704466537},"std_silhouette":{"0":0.240229473,"1":0.3093754738,"2":0.3061319825,"3":0.1658925726,"4":0.2047375043,"5":0.2409821749,"6":0.144436591,"7":0.2604549404,"8":0.1670136941,"9":0.3989551616,"10":0.2527123579,"11":0.2596307523,"12":0.3151462381,"13":0.3107588978,"14":0.3013680633,"15":0.2490239981,"16":0.2828661422,"17":0.2087933117,"18":0.1599038059,"19":0.3046288435,"20":0.2734811049,"21":0.1447046442,"22":0.2652013105,"23":0.2466079406,"24":0.2484008161,"25":0.3538656254,"26":0.2365420147,"27":0.4121014055,"28":0.1218610519,"29":0.1358927864,"30":0.2857149012,"31":0.2710966976,"32":0.3313009004,"33":0.3011008194,"34":0.3441590596,"35":0.1516929939,"36":0.2471996712,"37":0.2422530394,"38":0.1844655742,"39":0.2205381081,"40":0.2153325611,"41":0.3855198203,"42":0.2714293258},"median_silhouette":{"0":0.4199440185,"1":0.5295592115,"2":0.6104337215,"3":0.164596586,"4":0.3482160148,"5":-0.0538860317,"6":-0.3113248663,"7":-0.2311277849,"8":0.0414987785,"9":-0.1146240992,"10":0.5123463221,"11":-0.0061868817,"12":0.2290337073,"13":0.0430619656,"14":0.1764788371,"15":0.0129601912,"16":0.6585371603,"17":0.6784269991,"18":0.67928208,"19":0.3976234991,"20":-0.2378165756,"21":-0.4411882069,"22":-0.01737521,"23":0.4615001703,"24":-0.2013396414,"25":0.6745313011,"26":0.3137464822,"27":0.7311179009,"28":-0.6409275256,"29":-0.641282664,"30":0.1912919601,"31":0.1880953754,"32":0.3078209775,"33":-0.1627775422,"34":0.033112132,"35":-0.3941343919,"36":-0.0638925395,"37":-0.2091734846,"38":0.3887168206,"39":-0.2189308317,"40":0.6466305773,"41":0.1675387424,"42":0.4884848172},"count":{"0":3498,"1":21125,"2":1619,"3":134,"4":5504,"5":2496,"6":277,"7":179,"8":1927,"9":3621,"10":7030,"11":785,"12":51,"13":7006,"14":326,"15":319,"16":1704,"17":716,"18":163,"19":3639,"20":23436,"21":137,"22":82,"23":1870,"24":132,"25":37,"26":202,"27":390,"28":1105,"29":948,"30":255,"31":2168,"32":948,"33":680,"34":327,"35":755,"36":2439,"37":1898,"38":83,"39":643,"40":905,"41":1120,"42":76}}