clusterName,NSForest_markers,f_score
rest_CD4,"['GIMAP7', 'TLE5']",0.464893986791797
rest_CD8,"['PLAAT4', 'CCL5']",0.6482861400894188
act_CD8,"['GZMB', 'HOPX']",0.6995125806876564
act_CD4,"['TNFRSF4', 'ENSG00000234883']",0.5357376192342872
act_unassigned,['ENSG00000189343'],0.0773195876288659
