clusterName,NSForest_markers,f_score,onTarget,precision,recall
Myel,['ENSG00000081237'],0.5499282897095733,0.009020981,0.5726954492415403,0.4744779582366589
