{"author_cell_type":{"0":"Adipo","1":"CM","2":"EC","3":"Fib","4":"Lymph","5":"Mast","6":"Mural","7":"Myel","8":"Neuro","9":"PKHD1L1+ EC"},"mean_silhouette":{"0":0.8888562322,"1":0.5676734447,"2":0.601549387,"3":0.7358733416,"4":0.6581642032,"5":0.8322251439,"6":0.7385421991,"7":0.5771192908,"8":0.7612497807,"9":0.6206516623},"std_silhouette":{"0":0.0304536615,"1":0.1661277413,"2":0.2352631539,"3":0.1049170122,"4":0.1203377098,"5":0.0471188016,"6":0.1327803284,"7":0.2265071422,"8":0.0948222801,"9":0.3551010191},"median_silhouette":{"0":0.898563087,"1":0.6205787659,"2":0.6815847754,"3":0.7706481218,"4":0.6869833469,"5":0.8475429416,"6":0.7902394533,"7":0.6857548952,"8":0.7921230197,"9":0.7397643924},"count":{"0":672,"1":72612,"2":10447,"3":18730,"4":1498,"5":1037,"6":31111,"7":5172,"8":1122,"9":490}}