clusterName,NSForest_markers,f_score,onTarget,precision,recall
SI_earlyAE,['ENSG00000108953'],0.0589120080220606,3.3089358e-07,0.068313953488372,0.0379951495553759
C_ISC,['ENSG00000196419'],0.0409698741965944,3.963644e-05,0.0331648378744914,0.6987012987012987
C_TA,['ENSG00000105479'],0.0535841617381821,4.149709e-05,0.0433381392587566,0.9864864864864864
C_goblet,['ENSG00000044115'],0.1087848422308973,6.851446e-05,0.0896792046735677,0.7359125315391085
