{"lineage":{"0":"SI_ISC","1":"C_ISC","2":"SI_TA","3":"SI_TA2","4":"C_TA","5":"SI_earlyAE","6":"C_earlyACC","7":"SI_intermAE","8":"SI_matureAE","9":"SI_AE2","10":"C_lateACC","11":"SI_paneth","12":"SI_tuft","13":"C_tuft","14":"SI_secretory_prog","15":"C_secretory_prog","16":"SI_goblet","17":"C_goblet","18":"SI_EEC","19":"C_EEC","20":"SI_FAE","21":"SI_BEST4","22":"C_BEST4"},"mean_silhouette":{"0":0.4273049235,"1":0.602504313,"2":0.2441904247,"3":0.7349345088,"4":0.2254425734,"5":0.2901302576,"6":0.3285373151,"7":0.2574133873,"8":0.4976037443,"9":0.5276200175,"10":0.5243736506,"11":0.7901521921,"12":0.7655051947,"13":0.6061974168,"14":0.1595612913,"15":0.3680288792,"16":0.4568805993,"17":0.4898813665,"18":0.1533632129,"19":0.3255576193,"20":0.7736926675,"21":0.6623890996,"22":0.5660705566},"std_silhouette":{"0":0.2706781626,"1":0.1691869795,"2":0.2938276529,"3":0.0836923867,"4":0.2768779397,"5":0.2917503715,"6":0.2517152727,"7":0.2570366263,"8":0.1994840652,"9":0.2046290189,"10":0.1773074269,"11":0.06125677,"12":0.1713242531,"13":0.2478218228,"14":0.4749224186,"15":0.3358706832,"16":0.2878495455,"17":0.2571065128,"18":0.3050785959,"19":0.3268482089,"20":0.2823258936,"21":0.1390148103,"22":0.1933659166},"median_silhouette":{"0":0.5287023783,"1":0.6598700285,"2":0.3946994841,"3":0.7710087299,"4":0.33511585,"5":0.3751499355,"6":0.4026716352,"7":0.3105310202,"8":0.5866485238,"9":0.6018411517,"10":0.5943394899,"11":0.8102495074,"12":0.8203021288,"13":0.691601634,"14":0.4484363496,"15":0.5230540633,"16":0.5735219717,"17":0.5836719871,"18":0.1206589639,"19":0.5054754019,"20":0.8512610197,"21":0.7034003139,"22":0.63705194},"count":{"0":873,"1":385,"2":397,"3":105,"4":518,"5":1237,"6":1464,"7":1443,"8":1569,"9":591,"10":552,"11":49,"12":184,"13":524,"14":70,"15":63,"16":388,"17":1189,"18":72,"19":82,"20":19,"21":339,"22":477}}