{"author_cell_type":{"0":"Bcells","1":"CentralHep","2":"Cholangiocyte","3":"Erythroid","4":"InfMac","5":"InterHep","6":"NKTcell","7":"NonInfMac","8":"PortalEndo","9":"PortalHep","10":"Stellate","11":"cvLSECs"},"mean_silhouette":{"0":0.5723572125,"1":0.3165557474,"2":0.7802493279,"3":0.8056986077,"4":0.5988845507,"5":0.0066786172,"6":0.773466173,"7":0.2674054413,"8":0.5839979779,"9":-0.3900074405,"10":0.1185349928,"11":0.3798800438},"std_silhouette":{"0":0.3684487834,"1":0.3358998268,"2":0.1077247104,"3":0.094372201,"4":0.1368164626,"5":0.4011752493,"6":0.215662372,"7":0.2917777931,"8":0.2400788521,"9":0.3155897593,"10":0.3520114043,"11":0.2581746506},"median_silhouette":{"0":0.7171898493,"1":0.47402062,"2":0.811310118,"3":0.8337022814,"4":0.6488016013,"5":0.1681060019,"6":0.8127432875,"7":0.3795323204,"8":0.6938091581,"9":-0.359217731,"10":0.2899338301,"11":0.4935568196},"count":{"0":1780,"1":15819,"2":1934,"3":66,"4":1627,"5":11059,"6":3283,"7":3044,"8":1558,"9":23509,"10":3240,"11":6376}}