{"Detailed_Cell_Annotations":{"0":"AZGP1 SCGB3A1 LTF high Goblet Cells","1":"AZGP1 high Goblet Cells","2":"B Cells","3":"BEST4 high Cilia high Ciliated Cells","4":"BPIFA1 high Secretory Cells","5":"Basal Cells","6":"CCL5 high Squamous Cells","7":"CD8 T Cells","8":"Cilia high Ciliated Cells","9":"Dendritic Cells","10":"Deuterosomal Cells","11":"Developing Ciliated Cells","12":"Developing Secretory and Goblet Cells","13":"Early Response FOXJ1 high Ciliated Cells","14":"Early Response Secretory Cells","15":"Early Response T Cells","16":"Enteroendocrine Cells","17":"Erythroblasts","18":"FOXJ1 high Ciliated Cells","19":"HOPX high Squamous Cells","20":"ITGAX high Macrophages","21":"Interferon Responsive Ciliated Cells","22":"Interferon Responsive Cytotoxic CD8 T Cells","23":"Ionocytes","24":"KRT24 KRT13 high Secretory Cells","25":"MUC5AC high Goblet Cells","26":"Mitotic Basal Cells","27":"SCGB1A1 high Goblet Cells","28":"SERPINB11 high Secretory Cells","29":"SPRR2D high Squamous Cells","30":"VEGFA high Squamous Cells"},"mean_silhouette":{"0":-0.1904422101,"1":0.1827573558,"2":-0.4849512474,"3":0.4037380162,"4":-0.375856288,"5":0.2323031216,"6":-0.7237933535,"7":-0.2168549738,"8":-0.0300578553,"9":0.564209726,"10":0.0285114198,"11":0.522561646,"12":0.2678399935,"13":0.032512544,"14":-0.1853511475,"15":0.4729766958,"16":0.9816217071,"17":0.5750535051,"18":-0.2483638934,"19":0.028154706,"20":0.0499553191,"21":-0.5718437107,"22":-0.2544283747,"23":0.8928681762,"24":-0.0876278543,"25":-0.122183687,"26":-0.2953160277,"27":-0.3602127345,"28":-0.2577068664,"29":0.2571661052,"30":0.116471652},"std_silhouette":{"0":0.2303877172,"1":0.1683058464,"2":0.1762037489,"3":0.2499082755,"4":0.341004927,"5":0.239191592,"6":0.1320022975,"7":0.2128595868,"8":0.3433248828,"9":0.2754288749,"10":0.4182761146,"11":0.301001899,"12":0.2602679784,"13":0.4116198589,"14":0.1733696817,"15":0.2424229758,"16":0.0036312081,"17":0.4401812774,"18":0.2371139721,"19":0.3304905091,"20":0.4925644581,"21":0.1517701157,"22":0.3020728882,"23":0.1746361234,"24":0.2063844437,"25":0.3114706268,"26":0.1737418522,"27":0.2200261531,"28":0.3267079556,"29":0.4726557764,"30":0.1787514653},"median_silhouette":{"0":-0.1116664851,"1":0.1768132247,"2":-0.4026092069,"3":0.515692165,"4":-0.4498266642,"5":0.2963733574,"6":-0.7380310464,"7":-0.1475065608,"8":0.1399851106,"9":0.7105181153,"10":0.2444813347,"11":0.6296032324,"12":0.3486384819,"13":0.2654521908,"14":-0.1779861409,"15":0.5779394877,"16":0.9823101675,"17":0.72223436,"18":-0.2145054958,"19":0.0279075409,"20":0.3833139222,"21":-0.581819744,"22":-0.1242781784,"23":0.9209986849,"24":-0.0885312316,"25":-0.0510454482,"26":-0.2745531223,"27":-0.2983312519,"28":-0.3503724651,"29":0.4912630688,"30":0.1737927529},"count":{"0":43,"1":47,"2":12,"3":1221,"4":22,"5":912,"6":278,"7":301,"8":1052,"9":14,"10":35,"11":934,"12":263,"13":628,"14":20,"15":50,"16":10,"17":586,"18":1449,"19":6,"20":42,"21":62,"22":7,"23":92,"24":26,"25":306,"26":141,"27":104,"28":31,"29":72,"30":101}}