{"cell_type":{"0":"T cell","1":"professional antigen presenting cell","2":"glandular secretory epithelial cell","3":"club cell","4":"keratinizing barrier epithelial cell","5":"keratinocyte","6":"respiratory tract epithelial cell","7":"nasal mucosa goblet cell","8":"respiratory basal cell","9":"ionocyte","10":"respiratory tract multiciliated cell"},"mean_silhouette":{"0":0.7079428327,"1":0.8770601278,"2":0.0086291953,"3":0.5416773012,"4":0.6878074873,"5":0.9309333599,"6":-0.4017354763,"7":0.5934418475,"8":0.369784716,"9":0.7190305354,"10":0.6784272926},"std_silhouette":{"0":0.2849397381,"1":0.0438326676,"2":0.2685067669,"3":0.1973688699,"4":0.1310602677,"5":0.018707617,"6":0.1788964318,"7":0.1915521505,"8":0.257503344,"9":0.1558508864,"10":0.2781740455},"median_silhouette":{"0":0.7721346327,"1":0.8961639546,"2":0.0417047396,"3":0.602220558,"4":0.707473865,"5":0.9362554924,"6":-0.381177049,"7":0.6624405734,"8":0.461361007,"9":0.7810834365,"10":0.7579938399},"count":{"0":214,"1":84,"2":5310,"3":2000,"4":820,"5":77,"6":13707,"7":2814,"8":5004,"9":341,"10":4462}}