{"full_clustering":{"0":"DC1","1":"DC2","2":"Differentiated_KC","3":"F1","4":"F2","5":"F3","6":"ILC1_3","7":"ILC1_NK","8":"ILC2","9":"Inf_mac","10":"LC","11":"migLC","12":"LE1","13":"LE2","14":"Macro_1","15":"Macro_2","16":"Mast_cell","17":"Melanocyte","18":"MigDC","19":"Mono_mac","20":"NK","21":"Pericyte_1","22":"Pericyte_2","23":"Plasma","24":"Schwann_1","25":"Schwann_2","26":"Tc","27":"Th","28":"Treg","29":"Undifferentiated_KC","30":"VE1","31":"VE2","32":"VE3","33":"moDC"},"mean_silhouette":{"0":0.2724356949,"1":0.1517200619,"2":0.3933549523,"3":0.0029180211,"4":0.1499693692,"5":0.17287682,"6":0.1614344865,"7":-0.0335628092,"8":0.2563219965,"9":-0.1410884559,"10":0.4320644438,"11":-0.0078283967,"12":0.4619915783,"13":0.6690158248,"14":0.2167786956,"15":-0.0501195751,"16":0.5916696787,"17":0.7954848409,"18":0.2286009341,"19":0.3045078516,"20":0.085776113,"21":0.5095125437,"22":0.2618803382,"23":0.3310768306,"24":0.3010479212,"25":0.398617208,"26":-0.3400401175,"27":-0.2600690722,"28":0.4506213963,"29":0.5533484221,"30":0.0942279622,"31":-0.0663950816,"32":0.6777840853,"33":-0.1796293706},"std_silhouette":{"0":0.3288258612,"1":0.2424014211,"2":0.2737424672,"3":0.2369514555,"4":0.4161922634,"5":0.1949207783,"6":0.2797080576,"7":0.1306132376,"8":0.2320014089,"9":0.1972402334,"10":0.2673301101,"11":0.3592861295,"12":0.2536081672,"13":0.1677520275,"14":0.3492691219,"15":0.2823818922,"16":0.2465529293,"17":0.053962864,"18":0.2819902003,"19":0.2367058098,"20":0.1158799976,"21":0.1978516877,"22":0.3004577458,"23":0.5469638109,"24":0.3396093845,"25":0.263438195,"26":0.1569843888,"27":0.1637938768,"28":0.2950668633,"29":0.1345306337,"30":0.1505713463,"31":0.1408041865,"32":0.1920638829,"33":0.2192384005},"median_silhouette":{"0":0.4161700904,"1":0.2151691616,"2":0.5003897548,"3":0.0522503518,"4":0.3760272861,"5":0.2269989699,"6":0.2813368738,"7":-0.0563108772,"8":0.3278645873,"9":-0.1207698211,"10":0.53729105,"11":0.0612999052,"12":0.5482608676,"13":0.7330262661,"14":0.385433197,"15":-0.0066055385,"16":0.6811036468,"17":0.8073215485,"18":0.3652492166,"19":0.3841808438,"20":0.1089588404,"21":0.5738195777,"22":0.3887149692,"23":0.6368977427,"24":0.4488106668,"25":0.4989416599,"26":-0.3467998207,"27":-0.2390375584,"28":0.5811520815,"29":0.5950174332,"30":0.1412417889,"31":-0.0706174225,"32":0.7319510579,"33":-0.2014997602},"count":{"0":604,"1":724,"2":32496,"3":10161,"4":4260,"5":3035,"6":2935,"7":2604,"8":494,"9":1773,"10":568,"11":11977,"12":1073,"13":3851,"14":5781,"15":1424,"16":557,"17":3682,"18":2080,"19":4912,"20":739,"21":4705,"22":301,"23":71,"24":149,"25":120,"26":8680,"27":20617,"28":5743,"29":21348,"30":9645,"31":15511,"32":629,"33":12490}}