{"cell_type":{"0":"myeloid cell","1":"plasma cell","2":"stromal cell of lamina propria of colon","3":"T cell of anorectum","4":"colon epithelial cell"},"mean_silhouette":{"0":0.5391181291,"1":0.5984724426,"2":0.6419426866,"3":0.6669837585,"4":0.6049527495},"std_silhouette":{"0":0.0749873617,"1":0.2002003215,"2":0.2845970311,"3":0.0838342101,"4":0.1804124711},"median_silhouette":{"0":0.5815975238,"1":0.6827856646,"2":0.7697661806,"3":0.689477573,"4":0.6617482773},"count":{"0":677,"1":3359,"2":1172,"3":3249,"4":6713}}