{"author_cell_type_final":{"0":"Basal II cells","1":"Basal cells","2":"Ciliated cells","3":"Club cells","4":"Dendritic cells","5":"Goblet cells","6":"Ionocytes","7":"MT gene enriched cells","8":"Mast cells","9":"Maturing ciliated cells","10":"NK cells","11":"Neutrophils & macrophages","12":"Peri-goblet cells","13":"Secretory cells (HLA-DQA1)","14":"Suprabasal cells","15":"T cells"},"mean_silhouette":{"0":0.4797913917,"1":0.5556786357,"2":0.9489031386,"3":0.613913942,"4":0.8462719006,"5":0.287302812,"6":0.9815561189,"7":-0.2393591951,"8":0.9410183696,"9":0.8850373992,"10":0.5513595088,"11":0.8133364871,"12":0.3227022178,"13":0.5723504458,"14":0.6397416648,"15":0.5577857066},"std_silhouette":{"0":0.3172744812,"1":0.1565736789,"2":0.009374218,"3":0.1681523865,"4":0.047420314,"5":0.1997210702,"6":0.0033292775,"7":0.3016948473,"8":0.0109950208,"9":0.0654241919,"10":0.3191640144,"11":0.1506142218,"12":0.3517182366,"13":0.2095554132,"14":0.3747991624,"15":0.2184151912},"median_silhouette":{"0":0.6036332042,"1":0.5961915253,"2":0.9512975078,"3":0.6723878916,"4":0.8774811282,"5":0.3172995243,"6":0.982335622,"7":-0.102775093,"8":0.9435553515,"9":0.9107384607,"10":0.6742749948,"11":0.84223886,"12":0.471339666,"13":0.6527428304,"14":0.7603378559,"15":0.6677119633},"count":{"0":187,"1":334,"2":88,"3":135,"4":41,"5":195,"6":41,"7":102,"8":53,"9":20,"10":53,"11":142,"12":238,"13":133,"14":68,"15":245}}