{"author_cell_type":{"0":"cd3_gd","1":"cd4_cm","2":"cd4_naive","3":"cd4_tem","4":"cd4_temra","5":"cd4_treg","6":"cd4_trm","7":"cd8_cm","8":"cd8_mait","9":"cd8_naive","10":"cd8_tem","11":"cd8_temra","12":"cd8_trm","13":"dc1","14":"dc2","15":"ilc1","16":"ilc3","17":"macrophage","18":"monocyte_classical","19":"monocyte_nonclassical","20":"nk_cd56br","21":"nk_cd56dim","22":"nk_ilc_precursor","23":"pdc","24":"progenitor"},"mean_silhouette":{"0":-0.0404374115,"1":0.088045828,"2":0.5704410076,"3":-0.4585943818,"4":0.4846191406,"5":0.1937407702,"6":-0.2334057391,"7":-0.0438299961,"8":0.7724252939,"9":-0.472201407,"10":-0.2679898441,"11":0.0907301232,"12":-0.1381640583,"13":0.9125095606,"14":0.2438605875,"15":-0.2967472374,"16":-0.1112691537,"17":-0.0846321359,"18":0.2272743881,"19":0.5981701016,"20":0.3042047918,"21":0.2348710001,"22":-0.0275055356,"23":0.9413781166,"24":0.1879568994},"std_silhouette":{"0":0.2559644878,"1":0.4019989371,"2":0.2298254371,"3":0.2558051348,"4":0.3315892816,"5":0.3568691611,"6":0.4305798411,"7":0.4994420707,"8":0.2536145747,"9":0.3221228719,"10":0.1545324177,"11":0.2033214569,"12":0.3550159931,"13":0.0960745886,"14":0.3521118164,"15":0.2070384026,"16":0.484484762,"17":0.3214852214,"18":0.3127646148,"19":0.2265494913,"20":0.3074142933,"21":0.2619412243,"22":0.2437674105,"23":0.0197512191,"24":0.3087306321},"median_silhouette":{"0":0.0418092385,"1":0.2916903794,"2":0.6431760788,"3":-0.3507555425,"4":0.6413751245,"5":0.3570559621,"6":-0.0849159136,"7":0.2356989533,"8":0.8309887052,"9":-0.4545256495,"10":-0.2594681978,"11":0.136577934,"12":-0.1202220917,"13":0.9459334612,"14":0.3408673108,"15":-0.2689057589,"16":0.1923579872,"17":0.0151865408,"18":0.3429792225,"19":0.6929074526,"20":0.4733287394,"21":0.3324828744,"22":0.0550650321,"23":0.9498414993,"24":0.375838995},"count":{"0":626,"1":172,"2":29,"3":326,"4":79,"5":56,"6":217,"7":23,"8":507,"9":20,"10":346,"11":811,"12":680,"13":11,"14":32,"15":7,"16":5,"17":44,"18":422,"19":230,"20":576,"21":1454,"22":155,"23":12,"24":18}}