{"author_cell_type":{"0":"Antigen presenting cell (RPS high)","1":"B cell","2":"B cell (Plasmocyte)","3":"CB CD34+","4":"Dendritic cell","5":"Erythroid cell","6":"Erythroid progenitor cell (RP high)","7":"Macrophage","8":"Monocyte","9":"Neutrophil","10":"Neutrophil (RPS high)","11":"T cell"},"mean_silhouette":{"0":-0.0501521545,"1":0.2088643281,"2":0.9018912497,"3":0.1389886475,"4":0.4028436136,"5":0.4443325566,"6":0.1995851268,"7":0.5492501697,"8":0.4039372744,"9":0.4336191693,"10":0.0985680518,"11":0.5095705492},"std_silhouette":{"0":0.3172009636,"1":0.3846623451,"2":0.1253948968,"3":0.2144173763,"4":0.2165657953,"5":0.3036231973,"6":0.3323943111,"7":0.1807757871,"8":0.3446215483,"9":0.1997872064,"10":0.2613466428,"11":0.2290064891},"median_silhouette":{"0":-0.0348053697,"1":0.4001092559,"2":0.915986491,"3":0.2098734235,"4":0.4897900964,"5":0.6057945962,"6":0.305105972,"7":0.6194556428,"8":0.545450997,"9":0.5058803443,"10":0.1592901309,"11":0.5770581221},"count":{"0":821,"1":76,"2":210,"3":23,"4":67,"5":1580,"6":1437,"7":8,"8":29,"9":3975,"10":406,"11":69}}