{"author_cell_type":{"0":"ActMac","1":"AntiB","2":"Arterial","3":"C-Hepato","4":"C-Hepato2","5":"CD3T-lrNK","6":"CD4T","7":"CD8T","8":"CD8T-cNK","9":"Chol","10":"CholMucus","11":"Fibroblast","12":"Hepato","13":"Hepato--Mac","14":"I-Hepato","15":"Kupffer","16":"Kupffer--LSEC-Doublet","17":"LAM-like","18":"MHCII","19":"MatB","20":"Monocyte","21":"NKT--Mac-Doublet","22":"Neutrophil","23":"P-Hepato","24":"P-Hepato2","25":"Prolif","26":"Stellate","27":"Tcell","28":"cDC","29":"cNK","30":"cvEndo","31":"cvLSEC","32":"cvLSEC--T-Doublet","33":"lrNK","34":"pDC","35":"ppLSEC"},"mean_silhouette":{"0":0.6245032967,"1":0.7760748858,"2":0.3553552377,"3":0.7688646367,"4":0.5456002811,"5":0.5986878935,"6":0.6267326072,"7":-0.0107454683,"8":-0.0541364423,"9":0.7339436544,"10":-0.1530435015,"11":0.3697059758,"12":-0.4905843851,"13":0.9664489668,"14":0.43217852,"15":-0.3561018141,"16":0.1563251145,"17":0.3109623977,"18":0.3824378117,"19":0.8403797305,"20":0.2740244242,"21":-0.7230281999,"22":-0.3071708758,"23":0.1302716994,"24":0.797720264,"25":0.6360643382,"26":0.8571936379,"27":-0.4213096816,"28":0.6887886613,"29":0.5072413839,"30":0.6072703324,"31":0.0063262829,"32":-0.7995956378,"33":0.6939084012,"34":0.9086350892,"35":0.5845648029},"std_silhouette":{"0":0.1895202297,"1":0.174057053,"2":0.1612412712,"3":0.1336973667,"4":0.1881809385,"5":0.208309634,"6":0.1389165807,"7":0.3412026578,"8":0.2644088535,"9":0.0997244944,"10":0.2934621921,"11":0.3848681897,"12":0.1649226254,"13":0.0119153224,"14":0.2444647363,"15":0.2217401241,"16":0.3826075822,"17":0.2077912807,"18":0.2924662346,"19":0.0330192554,"20":0.4179811207,"21":0.1760031496,"22":0.1796201007,"23":0.2619416288,"24":0.0670978957,"25":0.4790373432,"26":0.0497601402,"27":0.2436891359,"28":0.3574605622,"29":0.3460172008,"30":0.2213657397,"31":0.3337862243,"32":0.0585189323,"33":0.211762523,"34":0.1434653046,"35":0.1954494188},"median_silhouette":{"0":0.6964415897,"1":0.8157656675,"2":0.3626018058,"3":0.8078842298,"4":0.6057056499,"5":0.6874719168,"6":0.6684124479,"7":0.0624434278,"8":-0.0859641191,"9":0.7661375108,"10":-0.0276420426,"11":0.5221959495,"12":-0.4815548823,"13":0.9703676134,"14":0.522853505,"15":-0.3436993983,"16":0.331790842,"17":0.386459674,"18":0.4810861012,"19":0.8459032065,"20":0.5029280061,"21":-0.7892852232,"22":-0.2440050444,"23":0.2090452095,"24":0.8082769803,"25":0.8120748433,"26":0.8674786369,"27":-0.4315467474,"28":0.8245220315,"29":0.6637822502,"30":0.6972361655,"31":0.1664688962,"32":-0.7909770631,"33":0.7531176264,"34":0.9252724932,"35":0.6711598978},"count":{"0":60,"1":106,"2":52,"3":1818,"4":82,"5":46,"6":141,"7":249,"8":48,"9":316,"10":10,"11":258,"12":430,"13":49,"14":1199,"15":857,"16":52,"17":206,"18":109,"19":201,"20":324,"21":56,"22":15,"23":9325,"24":3944,"25":84,"26":636,"27":846,"28":22,"29":168,"30":76,"31":1643,"32":122,"33":190,"34":324,"35":172}}