clusterName,NSForest_markers,f_score
immune,"['ENSG00000163131', 'ENSG00000103811']",0.8633921719109747
melanocyte,['ENSG00000110080'],0.7574991573980452
