{"Broad cell type":{"0":"Adipocyte","1":"Endothelial cell (lymphatic)","2":"Endothelial cell (vascular)","3":"Epithelial cell (basal keratinocyte)","4":"Epithelial cell (cornified keratinocyte)","5":"Epithelial cell (mature keratinocyte)","6":"Epithelial cell (suprabasal keratinocyte)","7":"Fibroblast","8":"Immune (DC\/macrophage)","9":"Immune (Langerhans)","10":"Immune (T cell)","11":"Immune (mast cell)","12":"Melanocyte","13":"Pericyte\/SMC","14":"Sebaceous gland cell","15":"Sweat gland cell","16":"Unknown"},"mean_silhouette":{"0":0.7843962908,"1":0.8805143237,"2":0.8091951609,"3":0.3711383343,"4":-0.3340441287,"5":0.5942794681,"6":0.0090173529,"7":0.6644842029,"8":-0.1680088639,"9":0.6260714531,"10":0.541480124,"11":-0.6232450008,"12":0.9234877825,"13":0.3408277035,"14":0.1530683786,"15":0.5697356462,"16":-0.4248146713},"std_silhouette":{"0":0.3155618012,"1":0.2056201547,"2":0.2345963418,"3":0.2816284895,"4":0.251755774,"5":0.2011167854,"6":0.3018071651,"7":0.3384878039,"8":0.3445279896,"9":0.3682637215,"10":0.5442028642,"11":0.2259524316,"12":0.1908076406,"13":0.3354770243,"14":0.4786159396,"15":0.3226119578,"16":0.1529623121},"median_silhouette":{"0":0.8449967504,"1":0.9110165834,"2":0.8640924692,"3":0.5041413307,"4":-0.2634899914,"5":0.6591908932,"6":0.0809041858,"7":0.769303143,"8":-0.1259148121,"9":0.7359521389,"10":0.742548883,"11":-0.486379981,"12":0.9530320168,"13":0.4635052979,"14":0.4440978765,"15":0.7130321264,"16":-0.4438449144},"count":{"0":62,"1":293,"2":730,"3":1320,"4":72,"5":195,"6":432,"7":529,"8":121,"9":48,"10":75,"11":10,"12":272,"13":186,"14":230,"15":300,"16":452}}