{"author_cell_type":{"0":"CD3+ T-cells","1":"CDC1","2":"Cholangiocytes","3":"Cycling Myeloid","4":"Cycling Plasma","5":"Doublet","6":"Erythrocytes","7":"HSC","8":"Hepatocytes","9":"KC Like","10":"LSEC","11":"Macrophage (MHCII high)","12":"Mature B-cells","13":"Mono-Mac","14":"Myeloid Erythrocytes (phagocytosis)","15":"NK-like cells","16":"Neutrophil","17":"Plasma cells","18":"Platelets","19":"gd T-cells"},"mean_silhouette":{"0":0.6184870136,"1":0.3937764765,"2":0.8741470194,"3":0.0563011493,"4":0.6512360755,"5":-0.7747471492,"6":0.6326751546,"7":0.372040772,"8":0.3544522838,"9":0.3611130556,"10":0.4455767002,"11":0.1067119028,"12":0.7580558652,"13":0.3284977071,"14":-0.3154502677,"15":0.6836184158,"16":0.5670345405,"17":0.7392975994,"18":-0.4108910636,"19":0.7449513785},"std_silhouette":{"0":0.1569807869,"1":0.3555866546,"2":0.0745991487,"3":0.3681429651,"4":0.1507871302,"5":0.0687566992,"6":0.1525400634,"7":0.2732254257,"8":0.2652322689,"9":0.2004622431,"10":0.2213957033,"11":0.3057130213,"12":0.2537503352,"13":0.3189885351,"14":0.2372796541,"15":0.2917992818,"16":0.2623172199,"17":0.1655938719,"18":0.2182024156,"19":0.1882369697},"median_silhouette":{"0":0.6630066155,"1":0.556792084,"2":0.9031425099,"3":0.2359448763,"4":0.6970356897,"5":-0.7904497072,"6":0.7043624897,"7":0.4388703143,"8":0.4452336536,"9":0.398621765,"10":0.4874669962,"11":0.1774748905,"12":0.8131334656,"13":0.4575693458,"14":-0.2525683343,"15":0.7753461262,"16":0.63937655,"17":0.7912832962,"18":-0.3062797861,"19":0.7847765847},"count":{"0":3903,"1":25,"2":241,"3":351,"4":493,"5":364,"6":277,"7":655,"8":7630,"9":4634,"10":7690,"11":2378,"12":469,"13":3376,"14":70,"15":1816,"16":1143,"17":722,"18":111,"19":1777}}