{"author_cell_type":{"0":"b_age","1":"b_gc","2":"b_memory","3":"b_naive","4":"cd3_gd","5":"cd4_cm","6":"cd4_naive","7":"cd4_tem","8":"cd4_temra","9":"cd4_treg","10":"cd4_trm","11":"cd8_cm","12":"cd8_mait","13":"cd8_naive","14":"cd8_tem","15":"cd8_temra","16":"cd8_trm","17":"dc1","18":"dc2","19":"dc_migratory","20":"ilc1","21":"ilc3","22":"macrophage","23":"mast_cell","24":"monocyte_classical","25":"monocyte_nonclassical","26":"nk_cd56br","27":"nk_cd56dim","28":"nk_ilc_precursor","29":"pdc","30":"plasma_cell","31":"plasmablast","32":"progenitor"},"mean_silhouette":{"0":0.6796535254,"1":-0.059438739,"2":0.0527169295,"3":0.3186952472,"4":-0.1505490839,"5":-0.0125846127,"6":0.6323503256,"7":-0.2251008153,"8":0.4407530427,"9":0.2010347694,"10":0.2527812421,"11":-0.2286351025,"12":0.596758604,"13":0.4456524849,"14":-0.2711285651,"15":0.1156179011,"16":0.0507175997,"17":0.7117133141,"18":-0.0072695063,"19":0.7324383855,"20":-0.513908565,"21":0.2455746084,"22":0.2482809871,"23":0.8587372899,"24":0.2322468609,"25":0.7607610822,"26":0.4168100357,"27":0.305449456,"28":-0.0498170666,"29":0.9035338759,"30":0.4861633778,"31":0.5862613916,"32":-0.1656147689},"std_silhouette":{"0":0.2634920478,"1":0.3867819905,"2":0.2997778058,"3":0.3891428113,"4":0.1994948834,"5":0.3367143571,"6":0.2006643116,"7":0.1927024275,"8":0.3181789815,"9":0.3507604003,"10":0.3201440871,"11":0.3512521982,"12":0.3995217979,"13":0.4119116664,"14":0.179412052,"15":0.2400784642,"16":0.3389688134,"17":0.2202715427,"18":0.4691940248,"19":0.181807816,"20":0.1544896513,"21":0.4978701472,"22":0.3268128335,"23":0.0369983874,"24":0.2673378289,"25":0.1210123599,"26":0.3854613304,"27":0.2143904716,"28":0.2528145909,"29":0.0990243554,"30":0.3146160543,"31":0.2615095079,"32":0.2736912072},"median_silhouette":{"0":0.7686858177,"1":-0.049505543,"2":0.1222162098,"3":0.5047572851,"4":-0.1108024865,"5":0.0601435415,"6":0.6954727173,"7":-0.1722275317,"8":0.5946875215,"9":0.3908359706,"10":0.3929948807,"11":-0.2199361026,"12":0.761464119,"13":0.631526947,"14":-0.3287513852,"15":0.1927589774,"16":0.131458059,"17":0.7675048113,"18":0.2049018592,"19":0.7951398492,"20":-0.5298799276,"21":0.517216444,"22":0.3622247577,"23":0.8691594601,"24":0.3118938804,"25":0.8011126518,"26":0.6031501293,"27":0.3773073554,"28":-0.0033846372,"29":0.9251366854,"30":0.6082664728,"31":0.68848598,"32":-0.1337650567},"count":{"0":27,"1":22,"2":1998,"3":1262,"4":1721,"5":7395,"6":2076,"7":7575,"8":1201,"9":3793,"10":4304,"11":237,"12":779,"13":995,"14":2948,"15":5224,"16":3112,"17":149,"18":1205,"19":221,"20":242,"21":266,"22":111047,"23":2629,"24":18166,"25":4558,"26":4185,"27":22196,"28":2158,"29":228,"30":271,"31":625,"32":339}}