{"CellType":{"0":"Hepatocyte","1":"LSEC 1","2":"LSEC 2,3","3":"Portal endothelial","4":"Cholangiocyte","5":"Stellate","6":"Inflammatory Macs","7":"Non-inflammatory Macs","8":"abT cell","9":"NK-like","10":"gdT cell 1","11":"gdT cell 2","12":"B cell","13":"Plasma","14":"Erythroid"},"mean_silhouette":{"0":0.4427518845,"1":0.1873196959,"2":0.2592994571,"3":0.4231912494,"4":0.9123985767,"5":0.850684166,"6":0.423676908,"7":0.6800895333,"8":0.3380908072,"9":0.504552424,"10":0.6117731333,"11":0.4761232138,"12":0.704978168,"13":0.5377843976,"14":0.7609940767},"std_silhouette":{"0":0.2477513403,"1":0.3526782393,"2":0.2993868887,"3":0.24579449,"4":0.0202412605,"5":0.0496547185,"6":0.3060761392,"7":0.1275529265,"8":0.2893386483,"9":0.1662980467,"10":0.1012411341,"11":0.2165744901,"12":0.1255635321,"13":0.1481777132,"14":0.0867107362},"median_silhouette":{"0":0.5214920044,"1":0.3193620443,"2":0.3618364334,"3":0.540558815,"4":0.9185708761,"5":0.8682973385,"6":0.5804504156,"7":0.7270665169,"8":0.4292105138,"9":0.5484811068,"10":0.6399137378,"11":0.5774759054,"12":0.7489848733,"13":0.5713655949,"14":0.795714438},"count":{"0":3498,"1":340,"2":301,"3":238,"4":121,"5":20,"6":822,"7":326,"8":1115,"9":520,"10":333,"11":338,"12":140,"13":279,"14":53}}