{"author_cell_type":{"0":"Antigen presenting cell (RPS high)","1":"B cell","2":"B cell (Plasmocyte)","3":"Dendritic cell","4":"Endothelial cell","5":"Endothelial cell (APC)","6":"Enterocyte progenitor","7":"Erythroid progenitor cell (RP high)","8":"Goblet cell","9":"Macrophage","10":"Mast cell","11":"Monocyte","12":"Neutrophil","13":"Sinusoidal endothelial cell","14":"Smooth muscle cell","15":"T cell"},"mean_silhouette":{"0":0.0162368008,"1":-0.607639527,"2":0.732390291,"3":0.2171782626,"4":0.4094614968,"5":-0.0541709653,"6":0.9642854794,"7":0.7228312797,"8":0.9789426493,"9":0.7163339479,"10":0.9294812889,"11":0.3604317897,"12":0.5384711931,"13":0.1678166985,"14":0.6074660613,"15":0.3705005359},"std_silhouette":{"0":0.2568458526,"1":0.1421302076,"2":0.3021864751,"3":0.2256207098,"4":0.1459673119,"5":0.2149244511,"6":0.0166799821,"7":0.101679014,"8":0.0081019155,"9":0.3241204979,"10":0.0225341097,"11":0.2185548979,"12":0.288723799,"13":0.345247642,"14":0.0736031097,"15":0.2343015799},"median_silhouette":{"0":0.098605661,"1":-0.582007494,"2":0.7958821846,"3":0.2903740702,"4":0.4524586293,"5":-0.0086148939,"6":0.9705204871,"7":0.7500098692,"8":0.9818615448,"9":0.8129616813,"10":0.9318672691,"11":0.4355520687,"12":0.6215323096,"13":0.3218399219,"14":0.6107451614,"15":0.4444112919},"count":{"0":33,"1":81,"2":707,"3":1816,"4":15,"5":116,"6":6,"7":20,"8":7,"9":2018,"10":10,"11":583,"12":364,"13":3847,"14":15,"15":922}}