{"author_cell_type":{"0":"AntiB","1":"C-Hepato","2":"C-Hepato2","3":"CD4T","4":"Chol","5":"Chol--Stellate-Doublet","6":"Chol-Doublet","7":"CholMucus","8":"Fibroblast","9":"Hepato-Doublet","10":"I-Hepato","11":"Kupffer","12":"Kupffer-Doublet","13":"Monocyte","14":"P-Hepato","15":"P-Hepato2","16":"Prolif","17":"Stellate","18":"Stellate-Doublet","19":"Tcell-Doublet","20":"VSMC","21":"aStellate","22":"cvEndo","23":"cvLSEC","24":"cvLSEC--Mac","25":"cvLSEC-Doublet","26":"lrNK","27":"ppLSEC"},"mean_silhouette":{"0":0.5737802091,"1":0.1327351089,"2":0.0904552972,"3":0.6575041708,"4":0.2451555176,"5":-0.7943725072,"6":0.3230132134,"7":0.9098596619,"8":0.7447600476,"9":0.2759753661,"10":0.3616925764,"11":0.632897397,"12":-0.4129367783,"13":0.5616451743,"14":-0.1450914941,"15":0.5136820321,"16":0.5633128622,"17":0.5519770231,"18":-0.3417182531,"19":0.1672224443,"20":0.5483705081,"21":0.5472871617,"22":0.4259195468,"23":0.6423236351,"24":0.2358382864,"25":-0.2665531139,"26":0.7514668451,"27":0.275323098},"std_silhouette":{"0":0.3686426181,"1":0.2979874027,"2":0.3425139382,"3":0.1840210406,"4":0.3204701764,"5":0.0926488389,"6":0.3935746549,"7":0.0668139551,"8":0.2357709088,"9":0.2069841783,"10":0.4078891644,"11":0.2197096893,"12":0.244980594,"13":0.1483959444,"14":0.27994115,"15":0.2128804533,"16":0.3068488947,"17":0.2738878207,"18":0.2569244275,"19":0.4422303454,"20":0.3719452823,"21":0.2888952671,"22":0.2231950057,"23":0.1600795609,"24":0.4534378845,"25":0.2788424424,"26":0.1604623604,"27":0.2380321757},"median_silhouette":{"0":0.7011312257,"1":0.2282735943,"2":0.2188742685,"3":0.706555151,"4":0.3768405607,"5":-0.8012353669,"6":0.5364488726,"7":0.9346714713,"8":0.8005996988,"9":0.3192325671,"10":0.5442494805,"11":0.7141131778,"12":-0.3601009481,"13":0.6023800248,"14":-0.1630736166,"15":0.5728486276,"16":0.6629229322,"17":0.6500949884,"18":-0.2621210692,"19":0.4198280447,"20":0.6488460747,"21":0.6908880088,"22":0.4747391402,"23":0.6828720521,"24":0.4710135321,"25":-0.1884105738,"26":0.8108172186,"27":0.383179989},"count":{"0":33,"1":5568,"2":1665,"3":141,"4":754,"5":6,"6":137,"7":41,"8":48,"9":1037,"10":237,"11":233,"12":157,"13":249,"14":10201,"15":2582,"16":268,"17":507,"18":282,"19":64,"20":34,"21":257,"22":78,"23":1228,"24":10,"25":319,"26":84,"27":289}}