{"author_cell_type":{"0":"B Cells","1":"Basal","2":"Endothelial","3":"Fibroblasts","4":"Intercalated","5":"Ionocytes","6":"Macrophages","7":"Mucous","8":"Myoepithelial","9":"Myofibroblasts","10":"RBCs","11":"Schwann Cells","12":"Seromucous","13":"Serous","14":"Striated","15":"T Cells"},"mean_silhouette":{"0":0.7993998991,"1":0.7263790084,"2":0.6532643308,"3":0.8022252547,"4":0.7443681135,"5":0.964957897,"6":0.7126910767,"7":0.8346901682,"8":0.8582447365,"9":0.7523175758,"10":0.8979421679,"11":0.6796728018,"12":-0.0106394468,"13":0.273249626,"14":0.5950268029,"15":0.7789985406},"std_silhouette":{"0":0.1560803169,"1":0.1310309798,"2":0.1394007375,"3":0.1536780931,"4":0.1968051179,"5":0.0223488562,"6":0.2526594261,"7":0.1514588479,"8":0.1630321745,"9":0.2299767434,"10":0.2663213237,"11":0.3751981099,"12":0.3453255905,"13":0.2962293809,"14":0.2141698863,"15":0.1728115172},"median_silhouette":{"0":0.8427728104,"1":0.7458842269,"2":0.6768073638,"3":0.8305395761,"4":0.7754178801,"5":0.9725909019,"6":0.7695007725,"7":0.8707189138,"8":0.8864480009,"9":0.7868349661,"10":0.9402272914,"11":0.7791018761,"12":0.0914052949,"13":0.3831274212,"14":0.6424391471,"15":0.8205954311},"count":{"0":332,"1":418,"2":781,"3":665,"4":518,"5":32,"6":241,"7":265,"8":353,"9":189,"10":132,"11":50,"12":5088,"13":5097,"14":968,"15":555}}