{"Curated_annotation":{"0":"B cells","1":"CD4 T cells","2":"CD16+ NK cells","3":"CD16- NK cells","4":"Central venous LSECs","5":"Cholangiocytes","6":"Classical monocytes","7":"DC1","8":"DC2","9":"Fibroblasts","10":"Immune mix","11":"Inflammatory macrophages","12":"Interzonal hepatocytes","13":"MAIT cells","14":"Macrophages","15":"Migratory DCs","16":"NK cells","17":"Neutrophils","18":"Non-classical monocytes","19":"Non-inflammatory macrophages","20":"Pericentral hepatocytes","21":"Periportal LSECs","22":"Periportal hepatocytes","23":"Plasma cells","24":"Portal endothelial cells","25":"Stellate cells","26":"Tem\/Temra cytotoxic T cells","27":"Tem\/Trm cytotoxic T cells","28":"pDC"},"mean_silhouette":{"0":0.7524586916,"1":0.3626529276,"2":0.1773112416,"3":0.4479146004,"4":-0.0943038389,"5":-0.2641054392,"6":0.2607514262,"7":0.7843782902,"8":0.0085787605,"9":0.1841214299,"10":-0.1378148347,"11":0.0433235802,"12":0.0191758592,"13":0.0759958401,"14":-0.0663455352,"15":0.4083929062,"16":-0.0167075284,"17":0.6857343316,"18":0.2653005123,"19":0.5395172834,"20":0.0838918239,"21":0.0546899252,"22":-0.160855934,"23":0.4798324108,"24":-0.0284157004,"25":-0.205978483,"26":0.2535122633,"27":-0.1669913679,"28":0.900174439},"std_silhouette":{"0":0.1290928125,"1":0.132186383,"2":0.2824518979,"3":0.154407382,"4":0.2163889557,"5":0.0883666575,"6":0.247200042,"7":0.1550272703,"8":0.2540303171,"9":0.3591964841,"10":0.289039433,"11":0.3910171092,"12":0.1899674833,"13":0.3100070357,"14":0.3131839931,"15":0.1337188631,"16":0.2398554236,"17":0.1497734934,"18":0.3222166002,"19":0.1466512531,"20":0.2746910453,"21":0.0903159678,"22":0.2349619716,"23":0.2221435905,"24":0.1017659754,"25":0.2225051224,"26":0.1977130473,"27":0.2584205568,"28":0.0320812948},"median_silhouette":{"0":0.7925367951,"1":0.4033670723,"2":0.3067322075,"3":0.4834737778,"4":-0.0908896774,"5":-0.2758844793,"6":0.3247136772,"7":0.8238474131,"8":0.0609624237,"9":0.3785008192,"10":-0.0275576375,"11":0.1823750436,"12":0.0355658978,"13":0.2303238064,"14":0.002414417,"15":0.4270814955,"16":-0.0112748109,"17":0.7204195261,"18":0.3996729851,"19":0.5915967226,"20":0.2377970815,"21":0.0761500299,"22":-0.1490646452,"23":0.5579847097,"24":-0.0421346202,"25":-0.2177390158,"26":0.3118115067,"27":-0.1222263724,"28":0.9110861421},"count":{"0":2513,"1":5879,"2":11831,"3":11492,"4":10747,"5":3631,"6":18034,"7":1216,"8":1308,"9":1248,"10":4861,"11":8426,"12":10200,"13":25463,"14":3510,"15":42,"16":1248,"17":3002,"18":11186,"19":3976,"20":27012,"21":1153,"22":34031,"23":1994,"24":747,"25":1997,"26":12662,"27":39056,"28":1213}}