{"cell_type":{"0":"fibroblast","1":"endothelial cell","2":"smooth muscle cell","3":"neuron","4":"leukocyte","5":"cardiac muscle cell","6":"mesothelial cell of epicardium"},"mean_silhouette":{"0":0.4372296692,"1":0.3722947357,"2":0.8048750849,"3":0.8729284364,"4":0.4066358824,"5":0.5857955177,"6":0.5159602444},"std_silhouette":{"0":0.2103311009,"1":0.2647492221,"2":0.1504711415,"3":0.2176935474,"4":0.2548760748,"5":0.2324742623,"6":0.3266108459},"median_silhouette":{"0":0.5023725123,"1":0.4993292429,"2":0.8512493243,"3":0.9139163364,"4":0.4968792069,"5":0.6641078118,"6":0.6392878321},"count":{"0":2582,"1":1213,"2":83,"3":112,"4":1408,"5":2638,"6":911}}