{"author_cell_type":{"0":"Ascending vasa recta endothelium","1":"B cell","2":"CD4 T cell","3":"CD8 T cell","4":"Connecting tubule","5":"Descending vasa recta endothelium","6":"Distinct proximal tubule 1","7":"Distinct proximal tubule 2","8":"Epithelial progenitor cell","9":"Fibroblast","10":"Glomerular endothelium","11":"Indistinct intercalated cell","12":"MNP-a\/classical monocyte derived","13":"MNP-b\/non-classical monocyte derived","14":"MNP-c\/dendritic cell","15":"MNP-d\/Tissue macrophage","16":"Mast cell","17":"Myofibroblast","18":"NK cell","19":"NKT cell","20":"Neutrophil","21":"Pelvic epithelium","22":"Peritubular capillary endothelium 1","23":"Peritubular capillary endothelium 2","24":"Plasmacytoid dendritic cell","25":"Podocyte","26":"Principal cell","27":"Proliferating Proximal Tubule","28":"Proximal tubule","29":"Thick ascending limb of Loop of Henle","30":"Type A intercalated cell","31":"Type B intercalated cell"},"mean_silhouette":{"0":0.1761618081,"1":0.7382037756,"2":-0.1891075876,"3":0.1851810828,"4":-0.048803779,"5":-0.1412208756,"6":0.1695754436,"7":-0.7453880539,"8":-0.069577869,"9":-0.1407886468,"10":0.7388394158,"11":-0.1183261164,"12":0.0525086537,"13":-0.0381864853,"14":-0.232629218,"15":0.1436185188,"16":0.6888268469,"17":0.6963897848,"18":0.3512073857,"19":0.2149025131,"20":0.0973983487,"21":0.761256186,"22":0.0105666673,"23":0.2064239363,"24":0.4626552899,"25":0.8733623236,"26":-0.1990544573,"27":-0.0098426063,"28":0.008046635,"29":0.3539016974,"30":0.2659658395,"31":0.5574553579},"std_silhouette":{"0":0.2269354159,"1":0.201452824,"2":0.2339235949,"3":0.3386006857,"4":0.3922016379,"5":0.1989258452,"6":0.2501268978,"7":0.1127349358,"8":0.222332733,"9":0.3027928522,"10":0.173573507,"11":0.2550264497,"12":0.3558974997,"13":0.1923397492,"14":0.0976643297,"15":0.1513716844,"16":0.1955765721,"17":0.1549407391,"18":0.3845345609,"19":0.3488698679,"20":0.2027823154,"21":0.3472344945,"22":0.2370983054,"23":0.216201718,"24":0.414273344,"25":0.0664170397,"26":0.2950683203,"27":0.0719056776,"28":0.0681171671,"29":0.1991638705,"30":0.3470961146,"31":0.2421262712},"median_silhouette":{"0":0.2593597108,"1":0.7856001355,"2":-0.1717493207,"3":0.309331161,"4":0.1763640484,"5":-0.1367208319,"6":0.2678640274,"7":-0.763270392,"8":-0.0467191375,"9":-0.0267641888,"10":0.7923464569,"11":-0.0800293322,"12":0.2128155959,"13":-0.0253064048,"14":-0.227793697,"15":0.1969026489,"16":0.7804177095,"17":0.7729668552,"18":0.5592581977,"19":0.34218388,"20":0.1964393841,"21":0.8627956008,"22":0.0759784117,"23":0.2842586226,"24":0.6657269341,"25":0.9038677504,"26":-0.0649247703,"27":-0.0255449805,"28":0.0181767172,"29":0.4228697718,"30":0.4746539016,"31":0.6529731419},"count":{"0":241,"1":947,"2":2305,"3":941,"4":63,"5":163,"6":62,"7":57,"8":188,"9":10,"10":596,"11":24,"12":340,"13":297,"14":172,"15":73,"16":40,"17":115,"18":1150,"19":712,"20":39,"21":14,"22":653,"23":163,"24":18,"25":23,"26":80,"27":57,"28":10202,"29":302,"30":193,"31":103}}