{"CellTypes":{"0":"Endo_Endo-Lymph","1":"Endo_Endothelial","2":"EpD_HF_HairFollicle","3":"EpD_KRT0_StemCyclingKeratinocyte","4":"EpD_KRT1_Basal","5":"EpD_KRT2_Basalinflammatory","6":"EpD_KRT3_earlySpinous","7":"EpD_KRT4_diffSpinous","8":"EpD_KRT5_Granular","9":"Imm_DC","10":"Imm_Langerhans","11":"Imm_Macrophage","12":"Imm_Mono","13":"Imm_NK","14":"Imm_Tc","15":"Imm_Th","16":"Imm_Treg","17":"Mes_FibroDS","18":"Mes_FibroInflammatory","19":"Mes_FibroPapillary","20":"Mes_FibroReticular","21":"Mes_PeriV","22":"Mes_PeriVInflammatory","23":"Mixed_Erythocytes","24":"Schwann_Melano"},"mean_silhouette":{"0":0.7049367428,"1":0.1043039784,"2":0.6111830473,"3":0.5943826437,"4":-0.0521631874,"5":0.4873340726,"6":0.5780713558,"7":0.5648038387,"8":0.5389482379,"9":-0.1169955209,"10":0.0936048925,"11":0.4625371695,"12":-0.7300153971,"13":-0.6095264554,"14":-0.074324131,"15":-0.4294754863,"16":0.4187562466,"17":0.3287715614,"18":0.5708687305,"19":0.5130941868,"20":0.4528110325,"21":0.4696560204,"22":0.6811900139,"23":-0.1256028265,"24":0.8351954222},"std_silhouette":{"0":0.1024679169,"1":0.1877738982,"2":0.2847943008,"3":0.145967558,"4":0.2807366848,"5":0.1268802136,"6":0.2449341863,"7":0.1500819921,"8":0.342721194,"9":0.3718374074,"10":0.4138424397,"11":0.2406482399,"12":0.1010319963,"13":0.1975197494,"14":0.4831074178,"15":0.1132834926,"16":0.185303688,"17":0.2570759952,"18":0.1741376966,"19":0.2211749256,"20":0.3073091209,"21":0.177111581,"22":0.1587616056,"23":0.2407426536,"24":0.0632684082},"median_silhouette":{"0":0.75409168,"1":0.0871739984,"2":0.7150283456,"3":0.6392015219,"4":0.0086524813,"5":0.4744796157,"6":0.6713793278,"7":0.6015967727,"8":0.6670181751,"9":-0.0490827039,"10":0.3372425735,"11":0.5568237901,"12":-0.7061464787,"13":-0.6320518255,"14":0.25483796,"15":-0.4187217355,"16":0.450008899,"17":0.3658905029,"18":0.6229952574,"19":0.5983794928,"20":0.5892056227,"21":0.5231253505,"22":0.7271252275,"23":-0.0752099752,"24":0.861888051},"count":{"0":197,"1":1315,"2":117,"3":50,"4":1322,"5":271,"6":1720,"7":623,"8":462,"9":238,"10":21,"11":238,"12":26,"13":14,"14":644,"15":181,"16":63,"17":400,"18":858,"19":311,"20":576,"21":747,"22":813,"23":7,"24":155}}