{"louvain_anno_fine":{"0":"PP","1":"alpha_MHC II","2":"alpha_immature","3":"alpha_mature","4":"alpha_stress II","5":"beta_MHC\/autoantigen","6":"beta_immature","7":"beta_mature","8":"beta_mtDNA deficient","9":"beta_stress I","10":"beta_stress II","11":"delta"},"mean_silhouette":{"0":0.9044407606,"1":0.4240155518,"2":0.4075617492,"3":0.0679106712,"4":0.2662663162,"5":0.0503571033,"6":0.3205626309,"7":0.1937261075,"8":0.6378998756,"9":0.4935021102,"10":0.365724504,"11":0.7095226645},"std_silhouette":{"0":0.0894407332,"1":0.2925286889,"2":0.2401465923,"3":0.2980465591,"4":0.2571099401,"5":0.3262682855,"6":0.284467876,"7":0.2541124523,"8":0.3386258483,"9":0.3076813221,"10":0.2912344038,"11":0.1626864821},"median_silhouette":{"0":0.9200860858,"1":0.5742418766,"2":0.4898391068,"3":0.1339773983,"4":0.3525639772,"5":0.2395528257,"6":0.4277374744,"7":0.3056506515,"8":0.7333478332,"9":0.6077876687,"10":0.491032362,"11":0.7495034337},"count":{"0":121,"1":110,"2":1961,"3":5755,"4":3715,"5":349,"6":1711,"7":6999,"8":274,"9":1331,"10":1259,"11":2889}}