{"celltype":{"0":"Endothelia","1":"Fibroblast","2":"Lymphocyte","3":"MP & DC","4":"Mural cell","5":"Neutrophil"},"mean_silhouette":{"0":0.4273987737,"1":0.797680186,"2":0.4464272564,"3":0.4773800417,"4":0.6427281074,"5":0.3106076018},"std_silhouette":{"0":0.1563201962,"1":0.0395753068,"2":0.2885293036,"3":0.2715279314,"4":0.1005416288,"5":0.5125985277},"median_silhouette":{"0":0.456553552,"1":0.8038799938,"2":0.5907827598,"3":0.6017211938,"4":0.6896559185,"5":0.5890915051},"count":{"0":2390,"1":1477,"2":8725,"3":2254,"4":1259,"5":140}}