{"author_cell_type":{"0":"B cells","1":"Basophils","2":"Cholangiocytes","3":"Circulating NK\/NKT","4":"Endothelial cells","5":"Fibroblasts","6":"Hepatocytes","7":"Macrophages","8":"Mig.cDCs","9":"Mono+mono derived cells","10":"Neutrophils","11":"Plasma cells","12":"Resident NK","13":"T cells","14":"cDC1s","15":"cDC2s","16":"pDCs"},"mean_silhouette":{"0":0.8035397004,"1":0.9040882422,"2":0.5216736797,"3":0.7791749189,"4":0.6196554547,"5":0.6947271915,"6":0.5891185359,"7":0.2535519669,"8":0.8084572749,"9":0.0141253377,"10":0.7704137904,"11":0.8033377132,"12":0.8165831788,"13":0.1939788545,"14":0.8707736829,"15":0.4383591173,"16":0.898785722},"std_silhouette":{"0":0.0932346104,"1":0.0793513985,"2":0.2672449724,"3":0.1064373803,"4":0.1616909838,"5":0.1359901721,"6":0.2067809736,"7":0.2614798319,"8":0.2160439426,"9":0.4135382786,"10":0.0846898038,"11":0.0578451392,"12":0.1046290141,"13":0.281676648,"14":0.0592359027,"15":0.1771734163,"16":0.0363183174},"median_silhouette":{"0":0.8205553228,"1":0.9171465655,"2":0.6269367004,"3":0.8035340292,"4":0.677731381,"5":0.7424555164,"6":0.6717038803,"7":0.3581992467,"8":0.8750741883,"9":0.1359802835,"10":0.7951416893,"11":0.8167009916,"12":0.8422911317,"13":0.2774759333,"14":0.8776017314,"15":0.5025621404,"16":0.9103597665},"count":{"0":2350,"1":389,"2":657,"3":12567,"4":2834,"5":1273,"6":10996,"7":7076,"8":78,"9":29639,"10":5340,"11":1125,"12":10894,"13":77355,"14":1180,"15":2629,"16":1216}}