{"author_cell_type":{"0":"Alveolar_Type1","1":"Alveolar_Type2","2":"B_cells","3":"Blood_vessel","4":"Ciliated","5":"DC_1","6":"DC_2","7":"DC_activated","8":"DC_Monocyte_Dividing","9":"DC_plasmacytoid","10":"Fibroblast","11":"Lymph_vessel","12":"Macrophage_Dividing","13":"Macrophage_MARCOneg","14":"Macrophage_MARCOpos","15":"Mast_cells","16":"Monocyte","17":"Muscle_cells","18":"NK","19":"NK_Dividing","20":"Plasma_cells","21":"T_CD4","22":"T_CD8_CytT","23":"T_cells_Dividing","24":"T_regulatory"},"mean_silhouette":{"0":0.5412337262,"1":0.4404329697,"2":0.6616484166,"3":0.6164229104,"4":0.9180079836,"5":0.2987994172,"6":0.1763444091,"7":0.4938532578,"8":-0.3767680468,"9":-0.4027964905,"10":0.4673107786,"11":0.8565528946,"12":0.6266648016,"13":0.4338619511,"14":-0.1432347509,"15":0.744271665,"16":0.3225348303,"17":0.7254996675,"18":0.0292513379,"19":0.2888510611,"20":0.5521957358,"21":0.0315751847,"22":0.1542163904,"23":0.3127161407,"24":0.3343795848},"std_silhouette":{"0":0.1867203693,"1":0.2024592501,"2":0.152508941,"3":0.1235795845,"4":0.0230351645,"5":0.2307320566,"6":0.2508887275,"7":0.247671407,"8":0.2157170643,"9":0.244449524,"10":0.1904933696,"11":0.105945169,"12":0.2414722277,"13":0.2534325818,"14":0.254104655,"15":0.0920955812,"16":0.3117998081,"17":0.07229279,"18":0.3533298281,"19":0.3263501486,"20":0.3227158648,"21":0.2422352002,"22":0.3229647046,"23":0.4138638964,"24":0.3096301776},"median_silhouette":{"0":0.5981058144,"1":0.5096510918,"2":0.7051151605,"3":0.6482102611,"4":0.9240982296,"5":0.3855353758,"6":0.2367180656,"7":0.5885905034,"8":-0.3149821486,"9":-0.2903749594,"10":0.5249234344,"11":0.8765146068,"12":0.703438646,"13":0.5449846441,"14":-0.1177614181,"15":0.7577358875,"16":0.4306746144,"17":0.7398550512,"18":0.1657359101,"19":0.394038575,"20":0.6368562013,"21":0.0799425988,"22":0.2845940991,"23":0.5080797255,"24":0.4962726841},"count":{"0":764,"1":4676,"2":1551,"3":2694,"4":466,"5":163,"6":1605,"7":122,"8":242,"9":46,"10":4623,"11":337,"12":94,"13":937,"14":4512,"15":2911,"16":6067,"17":839,"18":10418,"19":130,"20":287,"21":7211,"22":5755,"23":88,"24":481}}