{"author_cell_type":{"0":"B_CD27neg","1":"B_CD27pos","2":"Blood_vessel","3":"Dendritic_Cells","4":"Epi_basal","5":"Epi_dividing","6":"Epi_stratified","7":"Epi_suprabasal","8":"Epi_upper","9":"Glands_duct","10":"Glands_mucous","11":"Lymph_vessel","12":"Mast_cell","13":"Mono_macro","14":"NK_T_CD8_Cytotoxic","15":"Stroma","16":"T_CD4","17":"T_CD8"},"mean_silhouette":{"0":0.3084389851,"1":0.1597404637,"2":0.3963826398,"3":0.5233160231,"4":-0.3590373642,"5":0.4895305242,"6":0.0942380577,"7":0.5072676539,"8":0.6769559189,"9":0.5927561152,"10":0.7672163761,"11":0.785247647,"12":0.9272474643,"13":0.3983508125,"14":0.3181699799,"15":0.7448453269,"16":0.0508253557,"17":0.3714080161},"std_silhouette":{"0":0.2281968056,"1":0.290089376,"2":0.2514249003,"3":0.2256257376,"4":0.3125546999,"5":0.1838792621,"6":0.2911870081,"7":0.1640973792,"8":0.0836678377,"9":0.2714228597,"10":0.1159581782,"11":0.3175593389,"12":0.0291740078,"13":0.3552374833,"14":0.2083624535,"15":0.1640936331,"16":0.43675626,"17":0.2345078701},"median_silhouette":{"0":0.4072974956,"1":0.291689317,"2":0.4956014705,"3":0.6163809492,"4":-0.286794984,"5":0.5625938826,"6":0.1422628653,"7":0.547621962,"8":0.7004165276,"9":0.6994318337,"10":0.8075674343,"11":0.86816767,"12":0.9387433865,"13":0.6054718757,"14":0.3836914257,"15":0.7953865746,"16":0.2497382414,"17":0.4637807442},"count":{"0":462,"1":773,"2":1498,"3":337,"4":754,"5":10870,"6":50469,"7":10000,"8":9150,"9":175,"10":55,"11":105,"12":112,"13":334,"14":201,"15":505,"16":1350,"17":797}}