{"cell.type":{"0":"enterocyte progenitor subset 1","1":"Goblet cell subset 1","2":"Transit amplifying cell subset 1","3":"Transit amplifying cell subset 2","4":"Transit amplifying cell subset 3","5":"Enterocyte progenitor cell subset 3","6":"Goblet cell subset 3","7":"BEST4+ cell","8":"Tuft cell","9":"Stem cell","10":"Enterocyte progenitor cell subset 2","11":"Enterocyte subset 1","12":"Goblet cell subset 2","13":"Mature enterocyte subset 2","14":"Enteroendocrine cell subset 1","15":"Mature enterocyte subset 1","16":"Mixed cell types","17":"Goblet progenitor","18":"Enterocyte subset 2","19":"Enteroendocrine cell subset 2","20":"Paneth cell","21":"Microfold cell"},"mean_silhouette":{"0":-0.2591234125,"1":0.3458205753,"2":0.6241488339,"3":0.2656895224,"4":0.1696221825,"5":0.3835255846,"6":-0.2680888903,"7":0.7002434093,"8":0.8571702503,"9":0.5074339282,"10":-0.3071499338,"11":0.4266312527,"12":0.5932270554,"13":0.6159834094,"14":0.5065343072,"15":0.5678535023,"16":-0.5051494914,"17":0.5619194492,"18":0.4576745561,"19":0.7014738201,"20":0.8150707156,"21":0.9145460489},"std_silhouette":{"0":0.1922683481,"1":0.2592358523,"2":0.1693512038,"3":0.2496920262,"4":0.3468878652,"5":0.2003861493,"6":0.294119723,"7":0.1637406757,"8":0.1275238173,"9":0.3263901517,"10":0.2175262021,"11":0.2836304361,"12":0.3542422322,"13":0.1883431958,"14":0.1633395729,"15":0.2062279361,"16":0.2774609418,"17":0.2253903547,"18":0.3066129624,"19":0.117885159,"20":0.2090195433,"21":0.320966482},"median_silhouette":{"0":-0.2748048959,"1":0.4549883401,"2":0.6729039133,"3":0.3268109451,"4":0.2930246062,"5":0.4362472483,"6":-0.2068484543,"7":0.7454064303,"8":0.879529317,"9":0.6271146013,"10":-0.2665862613,"11":0.5308442123,"12":0.7081493518,"13":0.6922567257,"14":0.5743927877,"15":0.6309484868,"16":-0.5334986042,"17":0.6423669015,"18":0.5962225378,"19":0.763581601,"20":0.8528811014,"21":0.9689036022},"count":{"0":2119,"1":1876,"2":1786,"3":1626,"4":1516,"5":1514,"6":1033,"7":985,"8":844,"9":816,"10":748,"11":705,"12":596,"13":564,"14":563,"15":499,"16":463,"17":300,"18":261,"19":217,"20":134,"21":35}}