{"cell_type":{"0":"fibroblast","1":"mesothelial cell","2":"mast cell","3":"endothelial cell","4":"smooth muscle cell","5":"macrophage","6":"B cell","7":"dendritic cell","8":"monocyte","9":"natural killer cell","10":"pericyte","11":"CD8-positive, alpha-beta cytotoxic T cell","12":"mature NK T cell","13":"activated CD4-positive, alpha-beta T cell","14":"activated CD8-positive, alpha-beta T cell","15":"CD4-positive, alpha-beta cytotoxic T cell","16":"CD14-positive monocyte","17":"regular atrial cardiac myocyte","18":"regular ventricular cardiac myocyte","19":"endothelial cell of lymphatic vessel","20":"capillary endothelial cell","21":"neural cell","22":"CD14-positive, CD16-positive monocyte","23":"vein endothelial cell","24":"epicardial adipocyte","25":"endothelial cell of artery","26":"unknown"},"mean_silhouette":{"0":0.6221348643,"1":0.4617664814,"2":0.7460108399,"3":-0.2498463392,"4":0.5422539115,"5":0.2021295875,"6":-0.3255460858,"7":-0.6642324924,"8":-0.407853812,"9":0.3324500918,"10":0.5340967774,"11":0.0805655718,"12":-0.1833598763,"13":0.4806455672,"14":-0.2939853668,"15":-0.3097589612,"16":0.3147529066,"17":0.4949694276,"18":0.3744074404,"19":0.3442807794,"20":0.1290837973,"21":0.6575601101,"22":-0.0236294195,"23":0.1767527312,"24":0.7076866031,"25":0.2511651218,"26":-0.8089936376},"std_silhouette":{"0":0.1652090698,"1":0.3292551637,"2":0.2627081275,"3":0.1784994751,"4":0.3313139677,"5":0.3433304131,"6":0.2467573881,"7":0.1310687959,"8":0.1735151559,"9":0.2168607116,"10":0.2935985327,"11":0.2694250941,"12":0.2450069785,"13":0.2551723123,"14":0.1899912059,"15":0.2103962749,"16":0.306134522,"17":0.2168174684,"18":0.2774050534,"19":0.3119508922,"20":0.2573956549,"21":0.2238398641,"22":0.2676206827,"23":0.3617499769,"24":0.2197832167,"25":0.3556078076,"26":0.0899039954},"median_silhouette":{"0":0.6785040498,"1":0.5930098295,"2":0.8133856654,"3":-0.2940356731,"4":0.6529129744,"5":0.3595980406,"6":-0.2178096771,"7":-0.6112133861,"8":-0.4008764327,"9":0.429140985,"10":0.6350140572,"11":0.188193202,"12":-0.1922760904,"13":0.5735006928,"14":-0.2651170194,"15":-0.2951120436,"16":0.4754519761,"17":0.5586256981,"18":0.4890969396,"19":0.4816603363,"20":0.2270751595,"21":0.7187271714,"22":0.0139810145,"23":0.3646122217,"24":0.7727590799,"25":0.417719394,"26":-0.8135302663},"count":{"0":59341,"1":718,"2":1543,"3":13263,"4":16242,"5":14640,"6":1195,"7":814,"8":1684,"9":3628,"10":77856,"11":2956,"12":1463,"13":1047,"14":3001,"15":3113,"16":1883,"17":23483,"18":125289,"19":754,"20":57759,"21":3961,"22":3278,"23":8486,"24":3799,"25":20317,"26":34621}}