{"free_annotation":{"0":"Adventitial Fibroblast","1":"Airway Smooth Muscle","2":"Alveolar Epithelial Type 1","3":"Alveolar Epithelial Type 2","4":"Alveolar Fibroblast","5":"Artery","6":"B","7":"Basal","8":"Basophil\/Mast 1","9":"Bronchial Vessel 1","10":"CD4+ Memory\/Effector T","11":"CD4+ Naive T","12":"CD8+ Naive T","13":"Capillary","14":"Capillary Aerocyte","15":"Capillary Intermediate 1","16":"Ciliated","17":"Classical Monocyte","18":"Club","19":"Dendritic","20":"Differentiating Basal","21":"Fibromyocyte","22":"Goblet","23":"IGSF21+ Dendritic","24":"Intermediate Monocyte","25":"Lipofibroblast","26":"Lymphatic","27":"Macrophage","28":"Myeloid Dendritic Type 2","29":"Myofibroblast","30":"Natural Killer","31":"Natural Killer T","32":"Neuroendocrine","33":"Neutrophil","34":"Nonclassical Monocyte","35":"Pericyte","36":"Plasmacytoid Dendritic","37":"Proliferating NK\/T","38":"Signaling Alveolar Epithelial Type 2","39":"Vascular Smooth Muscle","40":"Vein"},"mean_silhouette":{"0":-0.8236002922,"1":-0.4878314734,"2":-0.7413583994,"3":-0.6184620261,"4":-0.7005951405,"5":-0.7911354303,"6":-0.8345934749,"7":-0.7315221429,"8":-0.7304133773,"9":0.841981411,"10":0.4952270389,"11":-0.7780070305,"12":0.2020650953,"13":-0.6849428415,"14":-0.5527134538,"15":0.4832601845,"16":-0.4475933015,"17":0.3890103698,"18":-0.5343242288,"19":0.6465331912,"20":0.8747861981,"21":0.8691722155,"22":0.5415304899,"23":-0.8782274723,"24":-0.86054039,"25":0.9128174782,"26":-0.7498111725,"27":-0.7672407031,"28":0.6248167753,"29":-0.8381277323,"30":-0.7067480683,"31":-0.649730444,"32":0.1826816052,"33":0.1877648234,"34":-0.9009791017,"35":-0.3086523414,"36":-0.8801873326,"37":-0.6732422709,"38":0.1554232836,"39":-0.4901173711,"40":0.7416192889},"std_silhouette":{"0":0.1070313752,"1":0.2089577764,"2":0.0826160982,"3":0.1034722552,"4":0.113773793,"5":0.114812009,"6":0.0272946861,"7":0.1367875785,"8":0.1204793826,"9":0.0697819591,"10":0.3014544547,"11":0.0529262349,"12":0.3294362426,"13":0.1176654398,"14":0.1429739892,"15":0.4081744254,"16":0.1330397576,"17":0.4244961143,"18":0.2146078199,"19":0.0962545723,"20":0.0254273433,"21":0.0629391745,"22":0.4300341308,"23":0.0254315939,"24":0.0588997081,"25":0.0300065372,"26":0.1047190502,"27":0.1147535443,"28":0.3757413626,"29":0.097289741,"30":0.1021182239,"31":0.105156742,"32":0.3351043463,"33":0.4372443557,"34":0.04818324,"35":0.3124544621,"36":0.0941911042,"37":0.0211891979,"38":0.3654115796,"39":0.2099832296,"40":0.2278548032},"median_silhouette":{"0":-0.7798858881,"1":-0.422241658,"2":-0.7065408826,"3":-0.5955986977,"4":-0.6444420218,"5":-0.7719305158,"6":-0.8392048478,"7":-0.7931312323,"8":-0.6248058081,"9":0.8530472517,"10":0.6677224636,"11":-0.7929938436,"12":0.3384114802,"13":-0.7027709484,"14":-0.6058676243,"15":0.6393427849,"16":-0.4451639056,"17":0.5597194433,"18":-0.4603720605,"19":0.6818763018,"20":0.8808717132,"21":0.8905729055,"22":0.6829510331,"23":-0.8965288401,"24":-0.8692446947,"25":0.9262808561,"26":-0.679445982,"27":-0.7006565332,"28":0.7736702561,"29":-0.8790667057,"30":-0.6953956485,"31":-0.6668096185,"32":0.2938531339,"33":0.3635699153,"34":-0.8749203682,"35":-0.189629674,"36":-0.9454032779,"37":-0.6804569364,"38":0.2951617837,"39":-0.3933535814,"40":0.8028031588},"count":{"0":158,"1":346,"2":421,"3":760,"4":360,"5":92,"6":16,"7":240,"8":46,"9":106,"10":13,"11":19,"12":280,"13":872,"14":622,"15":88,"16":551,"17":17,"18":898,"19":10,"20":43,"21":15,"22":233,"23":8,"24":6,"25":20,"26":44,"27":32,"28":7,"29":52,"30":1095,"31":52,"32":55,"33":102,"34":11,"35":518,"36":9,"37":17,"38":201,"39":176,"40":42}}