{"author_cell_type":{"0":"VCAM1_PT","1":"unknown","2":"CNT","3":"PT","4":"PC","5":"Endothelial","6":"ICA","7":"CTAL","8":"ICB","9":"PEC","10":"DCT","11":"CCDlike","12":"LOHlike","13":"NK","14":"MNP","15":"T cell","16":"B","17":"Mesangial","18":"Podocytes"},"mean_silhouette":{"0":0.2926617267,"1":0.412298992,"2":0.6684771517,"3":0.2323163003,"4":0.4599905756,"5":0.5638732265,"6":0.6846352564,"7":0.6336066785,"8":0.7391013887,"9":0.7995769943,"10":0.3566373383,"11":0.1691786414,"12":0.6145152709,"13":0.8378685306,"14":0.7378682632,"15":0.1020848155,"16":0.6612862753,"17":0.8552573884,"18":-0.652866297},"std_silhouette":{"0":0.2811205172,"1":0.3088557895,"2":0.1209554705,"3":0.3639915943,"4":0.2568470479,"5":0.308699458,"6":0.2264497698,"7":0.1411213443,"8":0.2108750697,"9":0.1598232016,"10":0.4343400434,"11":0.5344013306,"12":0.3261051202,"13":0.0924606264,"14":0.0596822888,"15":0.3294695053,"16":0.33191463,"17":0.2244122947,"18":0.2929752173},"median_silhouette":{"0":0.380547444,"1":0.5369562729,"2":0.6928839393,"3":0.4029150792,"4":0.5875709532,"5":0.7188321833,"6":0.7521691597,"7":0.6616521842,"8":0.822937651,"9":0.8435986114,"10":0.5575419606,"11":0.4608990073,"12":0.7229731194,"13":0.8573369883,"14":0.7635630679,"15":0.2109178808,"16":0.7679527829,"17":0.90040263,"18":-0.6236615762},"count":{"0":214,"1":107,"2":122,"3":20769,"4":455,"5":572,"6":304,"7":1156,"8":130,"9":64,"10":109,"11":45,"12":1011,"13":466,"14":999,"15":938,"16":68,"17":130,"18":16}}