{"status":{"0":"act_CD4","1":"act_CD8","2":"act_unassigned","3":"rest_CD4","4":"rest_CD8","5":"rest_unassigned"},"mean_silhouette":{"0":0.0713777777,"1":0.3227923993,"2":-0.3448177051,"3":0.0257213536,"4":0.2582374897,"5":-0.1767389852},"std_silhouette":{"0":0.3216158481,"1":0.3924885563,"2":0.1905909869,"3":0.1724466965,"4":0.3122200538,"5":0.1473554495},"median_silhouette":{"0":0.189660877,"1":0.512508898,"2":-0.3966138242,"3":0.0902250007,"4":0.3745824761,"5":-0.1251250229},"count":{"0":1993,"1":2391,"2":98,"3":3056,"4":3350,"5":171}}