{"author_cell_type":{"0":"Endothelial1","1":"Endothelial2","2":"Fibroblast","3":"Lymphocyte","4":"Macrophage","5":"Microvasculature","6":"Smooth Muscle","7":"Uncharacterized"},"mean_silhouette":{"0":0.5975963296,"1":0.8654338725,"2":0.590778114,"3":0.6760492712,"4":0.5433745783,"5":0.5047693601,"6":0.4373702782,"7":0.8689474636},"std_silhouette":{"0":0.1364975546,"1":0.1107066499,"2":0.1873512666,"3":0.1842784349,"4":0.2132028919,"5":0.1537710734,"6":0.2227137484,"7":0.2452177438},"median_silhouette":{"0":0.6162122493,"1":0.8770370295,"2":0.6613250495,"3":0.7592854233,"4":0.6328483634,"5":0.5672053359,"6":0.4965575782,"7":0.9106540393},"count":{"0":2228,"1":243,"2":3118,"3":694,"4":3350,"5":2088,"6":3994,"7":127}}