{"Manually_curated_celltype":{"0":"ABCs","1":"Alveolar macrophages","2":"Classical monocytes","3":"Cycling","4":"Cycling T&NK","5":"DC1","6":"DC2","7":"Erythroid","8":"Erythrophagocytic macrophages","9":"ILC3","10":"Intermediate macrophages","11":"Intestinal macrophages","12":"MAIT","13":"MNP\/B doublets","14":"MNP\/T doublets","15":"Mast cells","16":"Memory B cells","17":"NK_CD16+","18":"NK_CD56bright_CD16-","19":"Naive B cells","20":"Nonclassical monocytes","21":"Plasma cells","22":"Plasmablasts","23":"Progenitor","24":"T\/B doublets","25":"T_CD4\/CD8","26":"Teffector\/EM_CD4","27":"Tem\/emra_CD8","28":"Tfh","29":"Tgd_CRTAM+","30":"Tnaive\/CM_CD4","31":"Tnaive\/CM_CD4_activated","32":"Tnaive\/CM_CD8","33":"Tregs","34":"Trm\/em_CD8","35":"Trm_Tgd","36":"Trm_Th1\/Th17","37":"Trm_gut_CD8","38":"pDC"},"mean_silhouette":{"0":0.0129898153,"1":-0.480543226,"2":-0.1702386737,"3":-0.3433912992,"4":0.1573312581,"5":0.822904408,"6":-0.0957455188,"7":0.6158777475,"8":-0.1630128324,"9":-0.4553254545,"10":0.2755682766,"11":0.3469358385,"12":-0.3478179574,"13":-0.5101512074,"14":-0.5719892383,"15":0.9234355688,"16":0.1118793339,"17":0.5075020194,"18":0.5905580521,"19":0.4736175537,"20":0.4088458717,"21":0.2928958833,"22":0.5651839972,"23":-0.4075447023,"24":-0.7372196913,"25":-0.5409139991,"26":-0.0831527635,"27":0.1161987036,"28":-0.276398927,"29":0.3757869899,"30":0.1383402199,"31":-0.2870842516,"32":0.3132840693,"33":0.4732924402,"34":0.1304900497,"35":-0.5836673379,"36":0.1360867471,"37":0.244933635,"38":0.9580709338},"std_silhouette":{"0":0.3158264458,"1":0.2007577121,"2":0.3026403189,"3":0.3356220722,"4":0.4056476951,"5":0.0656712353,"6":0.3562963903,"7":0.1504869461,"8":0.3266959488,"9":0.2204657495,"10":0.2737995088,"11":0.4439828694,"12":0.2618953288,"13":0.1090695858,"14":0.1675340086,"15":0.0132142873,"16":0.1883811504,"17":0.2446891963,"18":0.215348348,"19":0.1474546045,"20":0.2915691733,"21":0.1122628674,"22":0.2373346388,"23":0.1729525626,"24":0.1060391739,"25":0.1571631879,"26":0.2264528722,"27":0.3405224085,"28":0.2227668166,"29":0.3226311207,"30":0.3382187486,"31":0.2565781176,"32":0.4102703631,"33":0.413992852,"34":0.2982344329,"35":0.1321161389,"36":0.31990394,"37":0.2827195227,"38":0.0437350571},"median_silhouette":{"0":0.1017714217,"1":-0.4792982936,"2":-0.169285059,"3":-0.3646666706,"4":0.337151587,"5":0.8432480097,"6":0.0265519209,"7":0.6733842492,"8":-0.0195577964,"9":-0.3294555247,"10":0.404353559,"11":0.5990291238,"12":-0.4357815385,"13":-0.5408622026,"14":-0.6112300754,"15":0.9212117195,"16":0.1860512793,"17":0.5913680792,"18":0.6582365036,"19":0.5096482038,"20":0.5366845131,"21":0.3286667764,"22":0.6504904628,"23":-0.4089676738,"24":-0.7288678288,"25":-0.5273577571,"26":-0.0114285676,"27":0.194617033,"28":-0.1971462965,"29":0.5072122812,"30":0.3246029615,"31":-0.2669303417,"32":0.4962853491,"33":0.639011085,"34":0.2363375127,"35":-0.6326695085,"36":0.2211734504,"37":0.3819778562,"38":0.96948874},"count":{"0":31,"1":11,"2":1495,"3":16,"4":142,"5":32,"6":92,"7":5,"8":433,"9":9,"10":38,"11":5,"12":2239,"13":113,"14":92,"15":5,"16":149,"17":1882,"18":1705,"19":106,"20":458,"21":171,"22":37,"23":9,"24":28,"25":331,"26":259,"27":750,"28":8,"29":1036,"30":55,"31":7,"32":24,"33":49,"34":806,"35":7,"36":587,"37":115,"38":25}}