{"author_cell_type":{"0":"Ascending vasa recta endothelium","1":"B cell","2":"CD4 T cell","3":"CD8 T cell","4":"Connecting tubule","5":"Descending vasa recta endothelium","6":"Distinct proximal tubule 1","7":"Distinct proximal tubule 2","8":"Epithelial progenitor cell","9":"Fibroblast","10":"Glomerular endothelium","11":"Indistinct intercalated cell","12":"MNP-a\/classical monocyte derived","13":"MNP-b\/non-classical monocyte derived","14":"MNP-c\/dendritic cell","15":"MNP-d\/Tissue macrophage","16":"Mast cell","17":"Myofibroblast","18":"NK cell","19":"NKT cell","20":"Neutrophil","21":"Pelvic epithelium","22":"Peritubular capillary endothelium 1","23":"Peritubular capillary endothelium 2","24":"Plasmacytoid dendritic cell","25":"Podocyte","26":"Principal cell","27":"Proliferating Proximal Tubule","28":"Proximal tubule","29":"Thick ascending limb of Loop of Henle","30":"Type A intercalated cell","31":"Type B intercalated cell"},"mean_silhouette":{"0":-0.0432307027,"1":0.6347363198,"2":-0.1166329044,"3":-0.012891579,"4":-0.0541168191,"5":-0.2283279829,"6":0.237052898,"7":-0.7618047354,"8":0.2604536224,"9":0.7352331723,"10":0.7193068833,"11":0.2759577385,"12":-0.1508399026,"13":0.0930615439,"14":0.0529194813,"15":0.0543930042,"16":-0.3909292773,"17":-0.4284503369,"18":0.1328068703,"19":-0.0626461588,"20":0.7273831618,"21":0.3533968292,"22":0.1671514618,"23":0.320391223,"24":0.8682108998,"25":0.9131349641,"26":0.0264208713,"27":-0.0892724696,"28":0.0218042094,"29":0.1846965849,"30":0.1015875005,"31":0.2828107305},"std_silhouette":{"0":0.2278592751,"1":0.1789116225,"2":0.1618717881,"3":0.2182655332,"4":0.2161388478,"5":0.1433996567,"6":0.4541187425,"7":0.0949092365,"8":0.3109599302,"9":0.1126011034,"10":0.1523445699,"11":0.346471445,"12":0.3144925005,"13":0.3240037208,"14":0.3847157408,"15":0.3474461902,"16":0.2415333751,"17":0.2409060137,"18":0.2105590203,"19":0.1884706831,"20":0.0971824315,"21":0.4979198056,"22":0.257930924,"23":0.1531210291,"24":0.0275077992,"25":0.0681320669,"26":0.2603368294,"27":0.1847796635,"28":0.1439361668,"29":0.336247686,"30":0.264428099,"31":0.3040018777},"median_silhouette":{"0":-0.0068602549,"1":0.7000915017,"2":-0.0854399761,"3":0.0639870953,"4":0.0137429958,"5":-0.2587624461,"6":0.4848684009,"7":-0.7621898687,"8":0.3806079829,"9":0.7732580338,"10":0.7708680402,"11":0.4238039515,"12":-0.1224690612,"13":0.2252562309,"14":0.2359181389,"15":0.1245062177,"16":-0.4441887791,"17":-0.4629901913,"18":0.2105890258,"19":-0.0423818503,"20":0.7649641971,"21":0.6338337196,"22":0.2926759938,"23":0.3698279308,"24":0.8745596824,"25":0.9420542484,"26":0.129744057,"27":-0.0688993425,"28":0.0688112843,"29":0.324964986,"30":0.2278877539,"31":0.4302088108},"count":{"0":241,"1":947,"2":2305,"3":941,"4":63,"5":163,"6":62,"7":57,"8":188,"9":10,"10":596,"11":24,"12":340,"13":297,"14":172,"15":73,"16":40,"17":115,"18":1150,"19":712,"20":39,"21":14,"22":653,"23":163,"24":18,"25":23,"26":80,"27":57,"28":10202,"29":302,"30":193,"31":103}}