{"author_cell_type":{"0":"Differentiated keratinocytes I","1":"Differentiated keratinocytes II","2":"Endothelial cells","3":"Fibroblasts I","4":"Fibroblasts II","5":"Immune","6":"Melanocytes\/melanocyte-like","7":"Pericytes","8":"Terminally differentiated keratinocytes","9":"Undifferentiated keratinocytes I","10":"Undifferentiated keratinocytes II"},"mean_silhouette":{"0":0.0361031456,"1":0.0729014754,"2":0.6762184923,"3":0.2020851588,"4":0.5446892034,"5":0.5113160054,"6":0.5596413133,"7":0.6329428588,"8":0.5268027883,"9":0.3609028659,"10":0.3883479385},"std_silhouette":{"0":0.2705021109,"1":0.2824840774,"2":0.1444797546,"3":0.2840314082,"4":0.139442406,"5":0.1929163207,"6":0.1326854713,"7":0.1548297661,"8":0.288682599,"9":0.230264165,"10":0.3274051667},"median_silhouette":{"0":0.0596903224,"1":0.1508086101,"2":0.715591799,"3":0.2771170231,"4":0.5676923351,"5":0.5850718125,"6":0.5817144738,"7":0.682746182,"8":0.6328007081,"9":0.42144241,"10":0.5268908577},"count":{"0":3100,"1":3010,"2":370,"3":2069,"4":976,"5":612,"6":467,"7":623,"8":848,"9":2580,"10":588}}