{"Cell_type_annotation_level3":{"0":"Basal 1","1":"Basal 1 KHDRBS2+","2":"Basal 2","3":"Cycling basal","4":"Cycling hillock","5":"Hillock","6":"Squamous","7":"Secretory","8":"Secretory GALNT4+","9":"Duct","10":"Club","11":"Goblet 1","12":"Goblet 2 BPIFA2+","13":"Goblet 2 PLAU+","14":"Goblet 2 inflammatory","15":"Transit epi 1","16":"Transit epi 2","17":"Deuterosomal","18":"Ciliated 1","19":"Ciliated 2","20":"Ionocyte","21":"T naive","22":"MAIT","23":"T CD8 mem 1","24":"T CD8 mem 2","25":"B mem","26":"B mem exhausted","27":"Mac","28":"LC","29":"Mono IL6+","30":"pDC","31":"Mast"},"mean_silhouette":{"0":0.524308145,"1":0.4851970971,"2":0.2393383235,"3":-0.1398882717,"4":0.5285177827,"5":0.3058878481,"6":0.8343058228,"7":0.062886782,"8":0.0323043056,"9":0.0791426823,"10":0.2577613592,"11":-0.2409032285,"12":0.0579646677,"13":0.0363349058,"14":0.2802048326,"15":-0.4201909602,"16":0.615160048,"17":-0.4118745625,"18":0.3975686431,"19":0.3671388924,"20":0.8903589249,"21":0.2788781226,"22":0.2067066878,"23":-0.2497437447,"24":0.2730446458,"25":0.0850290582,"26":0.2321391702,"27":-0.2163821459,"28":0.3399934173,"29":0.4783203006,"30":0.8522969484,"31":0.6966007948},"std_silhouette":{"0":0.1953147054,"1":0.2225275785,"2":0.2988351285,"3":0.2579028308,"4":0.1194605604,"5":0.2600865066,"6":0.059193451,"7":0.2903066874,"8":0.3836969137,"9":0.2602642477,"10":0.3508962691,"11":0.1573109329,"12":0.2872912586,"13":0.3132146597,"14":0.2517330647,"15":0.2014100999,"16":0.2361160815,"17":0.1967732161,"18":0.305745393,"19":0.4749241769,"20":0.0979328528,"21":0.4047273993,"22":0.2486887127,"23":0.1900631189,"24":0.2213665098,"25":0.269577533,"26":0.2750868201,"27":0.3046169877,"28":0.1723084748,"29":0.4282678962,"30":0.0751439333,"31":0.2090880573},"median_silhouette":{"0":0.5919669271,"1":0.5690890551,"2":0.3296108246,"3":-0.0522394702,"4":0.5465406775,"5":0.3958199322,"6":0.8499563932,"7":0.1083256677,"8":0.1386140138,"9":0.1721708477,"10":0.4259160161,"11":-0.2496541291,"12":0.1051815972,"13":0.1317947954,"14":0.3523573875,"15":-0.4115009904,"16":0.6848347783,"17":-0.3822676241,"18":0.5215048194,"19":0.6260479093,"20":0.90871948,"21":0.4976686835,"22":0.3060826659,"23":-0.2923193574,"24":0.3638995588,"25":0.0906760022,"26":0.3021935821,"27":-0.3894337118,"28":0.3678178191,"29":0.6911745667,"30":0.8877980709,"31":0.7732561827},"count":{"0":931,"1":71,"2":3702,"3":176,"4":13,"5":141,"6":55,"7":2527,"8":936,"9":103,"10":24,"11":1758,"12":2395,"13":1189,"14":470,"15":164,"16":3485,"17":141,"18":1305,"19":413,"20":351,"21":9,"22":38,"23":103,"24":5,"25":23,"26":18,"27":17,"28":30,"29":34,"30":16,"31":13}}