{"author_cell_type":{"0":"b_memory","1":"cd4_cm","2":"cd4_naive","3":"cd4_tem","4":"cd4_temra","5":"cd4_treg","6":"cd4_trm","7":"cd8_naive","8":"cd8_tem","9":"cd8_temra","10":"cd8_trm","11":"dc2","12":"dc_migratory","13":"ilc3","14":"macrophage","15":"mast_cell","16":"nk_cd56br","17":"nk_ilc_precursor","18":"progenitor"},"mean_silhouette":{"0":0.826189518,"1":-0.4869418442,"2":0.6153706908,"3":-0.3067752123,"4":0.1686405391,"5":-0.3998720646,"6":-0.2887902558,"7":-0.1094503775,"8":-0.4985189736,"9":0.0685664937,"10":0.0763829648,"11":-0.0116704684,"12":0.1123391911,"13":0.2619612515,"14":0.1265604943,"15":0.9051274061,"16":-0.1605542749,"17":0.0707681403,"18":-0.7641699314},"std_silhouette":{"0":0.0486987494,"1":0.2000573128,"2":0.1725633442,"3":0.2878281176,"4":0.2907574177,"5":0.3666017652,"6":0.3858095706,"7":0.3159479797,"8":0.1883243173,"9":0.2596067488,"10":0.3097960055,"11":0.2286607176,"12":0.2313504368,"13":0.5371682048,"14":0.3229241073,"15":0.0353704505,"16":0.3441076577,"17":0.4216467738,"18":0.2271588445},"median_silhouette":{"0":0.8293555379,"1":-0.5068522692,"2":0.667675674,"3":-0.1462418288,"4":0.3183806539,"5":-0.4038239121,"6":-0.1745601296,"7":-0.0024149937,"8":-0.5342433453,"9":0.0246284679,"10":0.1901523024,"11":0.0066220472,"12":0.2422229797,"13":0.5670916438,"14":0.2621518373,"15":0.9212753177,"16":0.0028545801,"17":0.2309200764,"18":-0.9095284343},"count":{"0":7,"1":228,"2":65,"3":57,"4":20,"5":75,"6":166,"7":27,"8":16,"9":7,"10":89,"11":428,"12":141,"13":17,"14":320,"15":52,"16":6,"17":5,"18":5}}